featureID	gnosis_7_ACC	CF|All_Top 50_ACC	AKLIMATE_ACC_reduced_model_50_feature_set_ACC	NO_MODEL_MATCH_nn_jg	fbedeBIC_ACC	Total
N:GEXP::AKR1C1:1645:	0	0	1	0	0	1
N:GEXP::TUBB6:84617:	1	1	1	0	0	3
N:GEXP::TNFSF13B:10673:	0	1	1	0	0	2
N:GEXP::ABAT:18:	0	1	0	0	0	1
N:GEXP::ETNK2:55224:	0	1	1	0	0	2
N:GEXP::AKR1C2:1646:	0	0	1	0	0	1
N:GEXP::RERG:85004:	0	1	1	0	0	2
N:GEXP::ARL6IP5:10550:	0	1	0	0	0	1
N:GEXP::EPS8:2059:	0	1	1	0	0	2
N:GEXP::FABP3:2170:	0	1	1	0	0	2
N:METH:cg08980578:KCNK6:TssD152:Shore	1	1	0	0	0	2
N:GEXP::PCYT1B:9468:	1	0	0	0	0	1
B:MUTA:COMP:ERBB2::	0	0	1	0	1	2
N:GEXP::RELN:5649:	0	0	1	0	0	1
N:GEXP::PRKCDBP:112464:	0	0	1	0	0	1
N:GEXP::TCEA3:6920:	0	1	0	0	0	1
N:MIR::hsa-miR-21-5p:Corrected:	1	0	0	0	1	2
N:GEXP::PPARD:5467:	0	0	1	0	0	1
N:METH:cg16884042:SGPP2:TssD446:Island	1	0	0	0	0	1
N:GEXP::ACCN2:41:	1	0	1	0	0	2
N:GEXP::ST3GAL5:8869:	0	0	1	0	0	1
N:MIR::hsa-miR-96-5p:Corrected:	0	0	0	0	1	1
N:MIR::hsa-miR-183-5p:Corrected:	0	0	0	0	1	1
N:GEXP::TFEB:7942:	1	0	0	0	0	1
N:GEXP::EMB:133418:	0	0	0	0	1	1
N:GEXP::HS6ST3:266722:	0	1	0	0	0	1
N:GEXP::C20orf26:26074:	1	1	0	0	0	2
N:METH:cg16838838:CAPG:TssD75:Island	0	1	1	0	1	3
N:GEXP::TMEM184A:202915:	0	1	0	0	0	1
N:GEXP::USP2:9099:	0	1	1	0	0	2
N:GEXP::PLEKHF2:79666:	0	0	0	0	1	1
N:GEXP::SYTL2:54843:	0	0	1	0	0	1
N:GEXP::PDHA1:5160:	0	1	1	0	0	2
N:GEXP::PITX1:5307:	0	1	0	0	0	1
N:GEXP::PLEKHO2:80301:	1	0	0	0	0	1
N:GEXP::MAPKAPK3:7867:	0	1	0	0	0	1
N:GEXP::PIK3R1:5295:	0	0	1	0	0	1
N:GEXP::LTBP1:4052:	0	1	0	0	0	1
N:GEXP::B3GNT8:374907:	0	1	1	0	0	2
N:GEXP::ANK3:288:	0	0	1	0	0	1
N:GEXP::PCDH1:5097:	0	1	0	0	0	1
N:GEXP::CHEK2:11200:	0	0	1	0	0	1
N:GEXP::CYP27A1:1593:	0	0	1	0	0	1
N:GEXP::ACADL:33:	0	0	1	0	0	1
N:MIR::hsa-miR-514a-5p:Corrected:	1	1	0	0	1	3
N:GEXP::RIOK3:8780:	1	0	0	0	0	1
N:GEXP::PTK2B:2185:	0	0	1	0	0	1
N:GEXP::PRRX2:51450:	0	1	1	0	0	2
B:MUTA:LOF:ERBB2::	0	0	1	0	0	1
N:GEXP::SLC27A2:11001:	0	0	1	0	0	1
N:GEXP::PTK6:5753:	0	0	1	0	0	1
N:GEXP::HOOK1:51361:	0	1	0	0	0	1
N:METH:cg02273970:SCIN:TssU297:Shore	1	0	0	0	1	2
N:METH:cg18873957:NA:NA:Island	0	1	0	0	0	1
N:GEXP::PROSC:11212:	1	1	0	0	0	2
N:GEXP::CSTF1:1477:	0	0	1	0	0	1
N:GEXP::PDK2:5164:	0	1	1	0	0	2
N:METH:cg00349776:RXRG:TssD221:NA	0	1	1	0	0	2
B:MUTA:COMP:FOXA1::	0	0	0	0	1	1
N:MIR::hsa-miR-513a-5p:Corrected:	0	1	0	0	0	1
N:GEXP::CBR3:874:	0	0	0	0	1	1
N:METH:cg20752903:MARCH10:TssD16:Island	0	1	0	0	0	1
N:GEXP::ZNF503:84858:	1	0	0	0	0	1
N:METH:cg19918758:VAV3:TssU346:Shore	0	0	0	0	1	1
N:GEXP::THSD1:55901:	1	0	0	0	0	1
N:GEXP::ATRX:546:	0	0	1	0	0	1
N:GEXP::PDP1:54704:	0	0	1	0	0	1
N:GEXP::SSX2IP:117178:	0	1	0	0	0	1
N:METH:cg08934846:TNFRSF12A:TssU102:Island	0	0	1	0	0	1
N:GEXP::STOML1:9399:	0	0	1	0	0	1
N:GEXP::C12orf35:55196:	0	0	1	0	0	1
N:GEXP::AKR1D1:6718:	0	0	1	0	0	1
N:GEXP::CISH:1154:	0	0	1	0	0	1
N:GEXP::HINFP:25988:	0	0	1	0	0	1
N:GEXP::RPL37A:6168:	0	0	1	0	0	1
N:GEXP::EPB49:2039:	0	1	0	0	0	1
N:GEXP::PLCXD3:345557:	0	1	0	0	0	1
N:GEXP::NR4A3:8013:	0	0	1	0	0	1
N:METH:cg18588934:C9orf106:TssU81:Island	0	0	1	0	0	1
N:METH:cg26111030:ERBB2:TssD44:Island	0	0	1	0	0	1
N:GEXP::HSD3B7:80270:	0	0	1	0	0	1
N:GEXP::NSMAF:8439:	0	0	1	0	0	1
N:GEXP::MAT1A:4143:	0	0	0	0	1	1
N:GEXP::PPP2R5C:5527:	0	1	0	0	0	1
N:GEXP::FUNDC2:65991:	0	1	0	0	0	1
N:METH:cg26449787:EYA4:TssD350:Island	1	0	0	0	0	1
N:GEXP::C2orf60:129450:	0	1	0	0	0	1
N:GEXP::ALS2CR4:65062:	0	1	0	0	0	1
N:GEXP::EIF4E1B:253314:	1	0	0	0	0	1
N:GEXP::PDHX:8050:	0	0	1	0	0	1
N:GEXP::MAFF:23764:	0	0	1	0	0	1
N:GEXP::BRSK1:84446:	0	0	1	0	0	1
N:GEXP::USP21:27005:	0	0	1	0	0	1
N:METH:cg06136443:PLBD1:TssD276:Island	1	0	0	0	0	1
N:GEXP::KDM5B:10765:	0	1	0	0	0	1
N:GEXP::DLX2:1746:	1	0	0	0	0	1
N:METH:cg01420426:FOXO6:TssD4428:Island	1	0	0	0	0	1
N:GEXP::C13orf1:57213:	1	1	0	0	0	2
N:GEXP::DPY19L4:286148:	0	1	0	0	0	1
N:METH:cg14497673:EMB:TssU147:Shore	0	1	0	0	0	1
N:METH:cg12829717:RP11-588P8.1:TssD70:Island	1	0	0	0	1	2
N:GEXP::PPP1R15B:84919:	1	0	0	0	0	1
N:METH:cg23823732:USP39:TssD261:Shore	0	0	0	0	1	1
N:GEXP::AZIN1:51582:	0	1	0	0	0	1
N:METH:cg00667898:HIST1H1B:TssD342:Shore	0	1	0	0	0	1
N:METH:cg24470447:RSPO3:TssD1020:Shore	0	1	0	0	0	1
N:GEXP::SORT1:6272:	0	1	0	0	0	1
N:METH:cg01112082:NA:NA:Shore	0	1	0	0	0	1
N:METH:cg25583128:HMSD:TssU83:NA	0	1	0	0	0	1
N:METH:cg17737146:LRRC34:TssD266:Island	0	1	0	0	0	1
N:METH:cg09927508:RAB37:TssU67:Island	0	1	0	0	0	1
N:GEXP::SCAMP3:10067:	0	1	0	0	0	1
N:METH:cg04674803:NA:NA:NA	1	0	0	0	0	1
N:GEXP::NHLRC3:387921:	1	0	0	0	0	1
I:CNVR::HMMR:3161:	0	0	0	0	1	1
I:CNVR::HSDL2:84263:	0	0	0	0	1	1
I:CNVR::CXCR1:3577:	0	0	0	0	1	1
I:CNVR::CD1D:912:	0	0	0	0	1	1
I:CNVR::MIR5010:100847046:	0	0	0	0	1	1
I:CNVR::MIR4759:100616243:	0	0	0	0	1	1
I:CNVR::STXBP6:29091:	0	0	0	0	1	1
I:CNVR::NT5C3A:51251:	0	0	0	0	1	1
I:CNVR::SLC22A3:6581:	0	0	0	0	1	1
N:GEXP::FXC1:26515:	0	0	0	0	1	1
N:METH:cg05645404:ALCAM:TssD1054:Shore	0	0	0	0	1	1
N:METH:cg02011404:ZBTB39:TssU301:Shore	0	0	0	0	1	1
N:METH:cg00932251:KCNK10:TssD78:Shore	0	0	0	0	1	1
