featureID	gnosis_1_BRCA	CF|All_Top 50_BRCA	AKLIMATE_BRCA_reduced_model_50_feature_set_BRCA	NO_MODEL_MATCH_nn_jg	fbedeBIC_BRCA	Total
B:MUTA:COMP:TP53::	0	0	0	0	1	1
N:GEXP::CENPA:1058:	1	1	1	0	1	4
B:MUTA:COMP:HIST1H3C::	0	0	0	0	1	1
N:GEXP::TPX2:22974:	1	1	1	0	0	3
N:GEXP::MYBL2:4605:	0	0	1	0	0	1
N:GEXP::KRT5:3852:	0	1	1	0	0	2
N:GEXP::FOXA1:3169:	0	1	1	0	0	2
N:GEXP::TFF3:7033:	0	0	1	0	0	1
N:GEXP::ABAT:18:	1	0	0	0	0	1
N:GEXP::RERG:85004:	0	1	1	0	0	2
N:GEXP::AURKA:6790:	0	1	1	0	0	2
N:GEXP::BIRC5:332:	0	0	1	0	0	1
N:GEXP::KRT17:3872:	0	1	1	0	0	2
N:GEXP::IGF1R:3480:	0	1	0	0	0	1
B:MUTA:COMP:SFRP5::	0	0	0	0	1	1
N:GEXP::C17orf28:283987:	0	0	1	0	0	1
N:GEXP::GATA3:2625:	1	0	1	0	0	2
N:GEXP::BUB1:699:	0	1	1	0	0	2
N:GEXP::KRT14:3861:	0	1	1	0	0	2
N:GEXP::KIF2C:11004:	0	0	1	0	0	1
N:GEXP::NCAPG:64151:	1	1	1	0	0	3
N:GEXP::CDC20:991:	0	0	1	0	0	1
N:GEXP::FOXC1:2296:	1	1	1	0	1	4
N:GEXP::CEP55:55165:	0	1	1	0	0	2
N:GEXP::AGR2:10551:	0	0	1	0	0	1
N:GEXP::UBE2C:11065:	0	0	1	0	0	1
N:METH:cg26937500:CARD11:TssD142:Island	0	0	0	0	1	1
N:GEXP::DLGAP5:9787:	0	0	1	0	0	1
N:METH:cg02275294:SOAT1:TssU388:Shore	0	0	0	0	1	1
N:GEXP::ESR1:2099:	1	1	1	0	1	4
N:GEXP::RRM2:6241:	0	0	1	0	0	1
N:GEXP::MLPH:79083:	0	1	1	0	0	2
N:GEXP::CDC6:990:	0	0	1	0	0	1
N:METH:cg09479015:KIRREL2:TssU90:Island	0	0	0	0	1	1
N:GEXP::ERBB2:2064:	0	1	0	0	0	1
N:GEXP::GRB7:2886:	0	1	0	0	0	1
N:MIR::hsa-let-7c-5p:Corrected:	0	0	0	0	1	1
N:GEXP::NUF2:83540:	0	1	1	0	0	2
N:GEXP::CDK1:983:	0	0	1	0	0	1
N:GEXP::SFRS13B:135295:	0	1	0	0	0	1
N:GEXP::MBOAT1:154141:	0	1	0	0	1	2
N:GEXP::THSD4:79875:	0	0	1	0	0	1
N:GEXP::AGR3:155465:	1	0	1	0	0	2
N:GEXP::C6orf97:80129:	0	1	1	0	0	2
N:GEXP::GINS1:9837:	0	0	1	0	0	1
N:GEXP::TTK:7272:	0	0	1	0	0	1
N:GEXP::XBP1:7494:	0	0	1	0	0	1
N:GEXP::CA12:771:	0	0	1	0	0	1
N:GEXP::ARHGAP11A:9824:	0	0	1	0	0	1
N:GEXP::MCM10:55388:	0	1	1	0	0	2
N:GEXP::MYBL1:4603:	1	0	0	0	0	1
N:GEXP::STARD3:10948:	0	1	0	0	0	1
N:MIR::hsa-miR-4728-3p:Corrected:	1	1	0	0	1	3
N:MIR::hsa-miR-30a-5p:Corrected:	0	0	0	0	1	1
N:GEXP::EXO1:9156:	1	0	0	0	1	2
N:GEXP::WDR67:93594:	1	1	0	0	1	3
B:MUTA:COMP:PIK3CA::	0	0	0	0	1	1
N:MIR::hsa-miR-30c-2-3p:Corrected:	1	0	0	0	0	1
N:GEXP::TBC1D9:23158:	0	0	1	0	0	1
N:GEXP::UBE2T:29089:	0	1	0	0	0	1
N:GEXP::GDF5:8200:	0	1	0	0	0	1
N:GEXP::SFRP1:6422:	0	1	1	0	0	2
N:GEXP::AR:367:	0	0	1	0	0	1
N:GEXP::ERCC6L:54821:	0	0	1	0	0	1
N:GEXP::C2orf40:84417:	0	1	0	0	0	1
N:METH:cg00119079:LAMP3:TssD393:Island	0	0	0	0	1	1
N:MIR::hsa-miR-18a-5p:Corrected:	0	0	0	0	1	1
N:METH:cg01657408:RNF145:TssD93:Shore	0	0	1	0	1	2
N:GEXP::MIA:8190:	1	1	0	0	1	3
N:GEXP::MAPT:4137:	1	0	0	0	0	1
N:MIR::hsa-miR-1307-3p:Corrected:	0	0	0	0	1	1
N:GEXP::GREB1:9687:	0	1	1	0	0	2
N:GEXP::CENPN:55839:	0	1	0	0	0	1
N:MIR::hsa-miR-934:Corrected:	0	0	0	0	1	1
N:GEXP::ORC6L:23594:	0	0	1	0	0	1
N:GEXP::NAT1:9:	1	0	1	0	1	3
N:GEXP::ERBB4:2066:	1	0	0	0	0	1
N:GEXP::GMPS:8833:	1	0	0	0	0	1
N:GEXP::SOX10:6663:	0	1	0	0	0	1
N:GEXP::COL17A1:1308:	0	1	0	0	0	1
N:GEXP::KIF18B:146909:	1	0	0	0	0	1
N:METH:cg26991199:SRSF10:TssD265:Shore	0	0	0	0	1	1
B:MUTA:COMP:GATA3::	0	0	0	0	1	1
N:GEXP::SLC39A6:25800:	0	1	1	0	0	2
N:GEXP::SPDEF:25803:	0	1	1	0	0	2
N:GEXP::SOX11:6664:	1	0	0	0	0	1
N:GEXP::DEGS2:123099:	1	0	0	0	0	1
N:GEXP::SPAG5:10615:	0	1	0	0	0	1
N:GEXP::CCNE2:9134:	0	1	0	0	0	1
N:GEXP::SGOL1:151648:	0	1	0	0	0	1
N:GEXP::DBNDD2:55861:	0	1	0	0	0	1
N:GEXP::SYTL4:94121:	1	0	0	0	0	1
N:GEXP::C6orf211:79624:	0	0	1	0	0	1
N:GEXP::C17orf37:84299:	0	1	0	0	0	1
N:GEXP::ZNF552:79818:	0	0	1	0	0	1
N:GEXP::IRX1:79192:	0	1	0	0	0	1
N:GEXP::PPP1R14C:81706:	0	1	0	0	0	1
N:METH:cg25599242:RARRES3:TssD19:NA	0	0	0	0	1	1
N:METH:cg27242945:CAV1:TssD67:Shore	0	0	0	0	1	1
N:MIR::hsa-miR-135b-3p:Corrected:	0	0	0	0	1	1
N:GEXP::TTC36:143941:	0	0	1	0	0	1
N:GEXP::KDM4B:23030:	1	0	0	0	0	1
N:GEXP::STAC2:342667:	0	1	0	0	0	1
N:GEXP::ANXA3:306:	0	0	0	0	1	1
N:MIR::hsa-miR-190b:Corrected:	0	0	0	0	1	1
N:MIR::hsa-miR-185-5p:Corrected:	0	0	0	0	1	1
N:MIR::hsa-miR-181c-5p:Corrected:	0	0	0	0	1	1
N:MIR::hsa-miR-342-5p:Corrected:	0	0	0	0	1	1
N:GEXP::PGAP3:93210:	0	1	0	0	0	1
N:GEXP::NUDT6:11162:	0	1	0	0	0	1
N:GEXP::SKA1:220134:	0	1	0	0	0	1
N:GEXP::LOC145837:145837:	0	1	0	0	0	1
N:GEXP::ROPN1:54763:	0	1	0	0	0	1
N:GEXP::ATAD2:29028:	1	0	0	0	0	1
N:METH:cg26660414:SLC7A8:TssD121:NA	0	0	0	0	1	1
I:CNVR::RFC1:5981:	0	0	0	0	1	1
N:MIR::hsa-miR-4677-3p:Corrected:	1	0	0	0	0	1
N:METH:cg00888561:WDFY2:TssU682:Shore	0	0	0	0	1	1
N:MIR::hsa-miR-4668-3p:Corrected:	0	0	0	0	1	1
B:MUTA:LOF:CDH1::	0	0	0	0	1	1
N:GEXP::GPR77:27202:	0	1	0	0	0	1
N:METH:cg23963136:CD320:TssD183:Island	0	0	0	0	1	1
B:MUTA:LOF:LAMC1::	0	0	0	0	1	1
I:CNVR::GOT2:2806:	0	0	0	0	1	1
I:CNVR::TTC39B:158219:	0	0	0	0	1	1
I:CNVR::CRSP8P:441089:	0	0	0	0	1	1
I:CNVR::ACTR2:10097:	0	0	0	0	1	1
I:CNVR::MIR4728:100616132:	0	0	0	0	1	1
I:CNVR::SLC4A1:6521:	0	0	0	0	1	1
I:CNVR::CYP4A22:284541:	0	0	0	0	1	1
I:CNVR::hsa-mir-548d-1:-1533:	0	0	0	0	1	1
I:CNVR::FOXA1:3169:	0	0	0	0	1	1
I:CNVR::OR6C1:390321:	0	0	0	0	1	1
I:CNVR::LZTS1:11178:	0	0	0	0	1	1
I:CNVR::PSMD12:5718:	0	0	0	0	1	1
I:CNVR::TREM1:54210:	0	0	0	0	1	1
I:CNVR::DOHH:83475:	0	0	0	0	1	1
I:CNVR::BRICD5:283870:	0	0	0	0	1	1
I:CNVR::ZNRF3:84133:	0	0	0	0	1	1
