featureID	gnosis_8_CESC	CF|All_Top 50_CESC	AKLIMATE_CESC_reduced_model_50_feature_set_CESC	NO_MODEL_MATCH_nn_jg	fbedeBIC_CESC	Total
N:GEXP::TMPRSS2:7113:	0	1	1	0	0	2
N:GEXP::DSP:1832:	0	0	1	0	0	1
N:GEXP::KRT5:3852:	0	0	1	0	0	1
N:GEXP::TOX3:27324:	0	1	0	0	1	2
N:GEXP::EPCAM:4072:	0	1	1	0	0	2
N:GEXP::CYP4F3:4051:	1	1	1	0	0	3
N:GEXP::ABCC5:10057:	1	0	0	0	0	1
N:GEXP::SPRR3:6707:	0	1	1	0	1	3
N:GEXP::C17orf28:283987:	0	1	0	0	0	1
N:GEXP::PVRL1:5818:	0	0	1	0	0	1
N:GEXP::AKR1B10:57016:	0	1	1	0	0	2
N:GEXP::SOX2:6657:	0	0	1	0	0	1
N:GEXP::A2ML1:144568:	0	1	1	0	0	2
N:GEXP::TRIM2:23321:	1	1	1	0	0	3
N:GEXP::GPX2:2877:	0	1	0	0	0	1
N:GEXP::SPRR1A:6698:	1	1	1	0	0	3
N:GEXP::AGR2:10551:	0	1	0	0	0	1
N:GEXP::C5orf32:84418:	0	0	1	0	0	1
N:GEXP::SH3BGRL2:83699:	1	0	0	0	0	1
N:GEXP::SFN:2810:	0	1	1	0	0	2
N:GEXP::FUT6:2528:	1	1	0	0	0	2
N:MIR::hsa-miR-3074-5p:Corrected:	1	0	0	0	1	2
N:GEXP::CLDN3:1365:	0	1	1	0	0	2
N:GEXP::KRT13:3860:	0	0	1	0	0	1
N:MIR::hsa-miR-193b-3p:Corrected:	0	0	0	0	1	1
N:GEXP::PRR15:222171:	0	1	1	0	0	2
N:GEXP::TTC39A:22996:	1	0	0	0	0	1
N:GEXP::PKP1:5317:	1	1	1	0	1	4
B:MUTA:COMP:ERBB2::	0	0	0	0	1	1
N:GEXP::DNALI1:7802:	0	1	1	0	0	2
N:GEXP::ABCA13:154664:	0	1	0	0	0	1
N:GEXP::TMPRSS4:56649:	0	1	0	0	0	1
N:GEXP::CXCL17:284340:	0	1	0	0	0	1
N:GEXP::C10orf81:79949:	0	1	1	0	0	2
N:GEXP::CEACAM5:1048:	0	1	1	0	0	2
N:GEXP::SPRR1B:6699:	0	1	1	0	0	2
B:MUTA:COMP:EYA4::	0	0	0	0	1	1
N:GEXP::DSC3:1825:	0	1	1	0	0	2
N:GEXP::ADH7:131:	0	1	1	0	0	2
N:MIR::hsa-miR-944:Corrected:	0	0	0	0	1	1
N:GEXP::UGDH:7358:	0	0	1	0	0	1
N:GEXP::C3orf54:389119:	0	0	1	0	0	1
N:GEXP::EMP1:2012:	0	0	1	0	0	1
N:GEXP::C10orf99:387695:	0	1	1	0	0	2
N:GEXP::BNC1:646:	0	1	0	0	0	1
N:GEXP::ZNF385A:25946:	0	0	1	0	0	1
N:GEXP::ASRGL1:80150:	0	1	0	0	0	1
N:GEXP::ARHGEF38:54848:	0	0	1	0	0	1
N:GEXP::TMPRSS11A:339967:	0	1	0	0	0	1
N:GEXP::JUP:3728:	0	0	1	0	0	1
N:GEXP::SHROOM3:57619:	0	0	1	0	0	1
N:GEXP::RARG:5916:	0	0	1	0	0	1
N:GEXP::THBD:7056:	0	0	1	0	0	1
N:METH:cg12275348:SOCS2:TssD133:Island	0	0	0	0	1	1
N:GEXP::FAM83C:128876:	1	1	0	0	0	2
N:GEXP::ARMC3:219681:	0	1	0	0	0	1
N:GEXP::C9orf125:84302:	0	0	0	0	1	1
N:GEXP::CRYM:1428:	1	0	0	0	0	1
N:GEXP::TMPRSS11D:9407:	0	1	1	0	0	2
N:GEXP::VSNL1:7447:	0	0	1	0	0	1
N:GEXP::B4GALT4:8702:	1	0	0	0	0	1
N:GEXP::CSTA:1475:	0	1	0	0	0	1
N:GEXP::LOC642587:642587:	0	1	0	0	0	1
N:GEXP::ATP7B:540:	0	1	0	0	0	1
B:MUTA:LOF:CYP7B1::	0	0	0	0	1	1
N:MIR::hsa-miR-181c-3p:Corrected:	0	0	0	0	1	1
N:GEXP::DSG3:1830:	0	1	0	0	0	1
N:GEXP::PRICKLE3:4007:	1	0	0	0	0	1
N:METH:cg05140069:PDPN:TssD78:Island	0	0	1	0	0	1
N:GEXP::KLK12:43849:	0	0	0	0	1	1
N:GEXP::IVL:3713:	0	1	0	0	0	1
N:GEXP::SPRR2C:6702:	0	1	1	0	0	2
N:GEXP::GPR87:53836:	0	1	0	0	0	1
N:GEXP::ATP13A4:84239:	0	1	1	0	0	2
N:GEXP::BICD2:23299:	0	1	0	0	0	1
N:GEXP::TMEM40:55287:	1	0	0	0	0	1
N:GEXP::RAD51AP2:729475:	0	0	1	0	0	1
N:GEXP::IGSF3:3321:	0	0	1	0	0	1
N:METH:cg03794550:GAS2:TssU592:Shore	0	0	0	0	1	1
N:GEXP::SPRR4:163778:	0	1	0	0	0	1
N:GEXP::SPINK5:11005:	0	0	1	0	0	1
N:GEXP::C8orf31:286122:	0	0	1	0	0	1
N:GEXP::C9orf3:84909:	0	0	1	0	0	1
N:GEXP::CLCA3P:9629:	0	0	1	0	0	1
N:GEXP::CPA6:57094:	0	1	0	0	0	1
N:METH:cg25970832:DSC3:TssD1057:Island	0	0	0	0	1	1
N:GEXP::C2orf70:339778:	1	0	0	0	0	1
B:MUTA:COMP:DKK3::	0	0	0	0	1	1
N:GEXP::FREM2:341640:	0	0	1	0	0	1
N:GEXP::OSBPL10:114884:	1	0	0	0	0	1
N:GEXP::TMPRSS11B:132724:	0	1	0	0	0	1
N:GEXP::TMEM79:84283:	0	0	1	0	0	1
N:GEXP::BMPER:168667:	1	0	0	0	0	1
N:GEXP::CTNNBIP1:56998:	0	0	1	0	0	1
N:GEXP::CHRNB4:1143:	0	0	1	0	0	1
N:GEXP::OAS2:4939:	1	0	0	0	0	1
N:MIR::hsa-miR-449c-5p:Corrected:	0	0	0	0	1	1
N:GEXP::PLCE1:51196:	0	1	0	0	0	1
N:GEXP::C4orf19:55286:	1	0	0	0	0	1
N:GEXP::BSN:8927:	1	0	0	0	0	1
N:GEXP::C2orf39:92749:	0	0	1	0	0	1
N:GEXP::?:729884:	0	1	0	0	0	1
N:GEXP::RNF126P1:376412:	1	0	0	0	0	1
N:METH:cg04553707:RP11-763E3.1:TssD27631:Shore	0	0	0	0	1	1
N:GEXP::LOC643008:643008:	0	1	0	0	0	1
N:METH:cg03393638:ATN1:TssU132:Island	0	0	0	0	1	1
N:GEXP::BTBD10:84280:	1	0	0	0	0	1
I:CNVR::LRRC38:126755:	0	0	0	0	1	1
N:GEXP::CYP2C18:1562:	0	1	0	0	0	1
N:GEXP::C1orf194:127003:	0	1	0	0	0	1
N:METH:cg06899953:ZNF878:TssD76:Shore	0	0	0	0	1	1
N:GEXP::PGAM2:5224:	1	0	0	0	0	1
N:METH:cg24310038:CAMK1G:TssD2180:NA	0	0	0	0	1	1
N:METH:cg27382164:RP11-46H11.12:TssD308:Island	0	0	0	0	1	1
N:METH:cg17147211:RP4-712E4.2:TssU41:Island	0	0	0	0	1	1
N:GEXP::HOXB4:3214:	1	0	0	0	0	1
N:GEXP::RPL13AP17:399670:	1	0	0	0	0	1
I:CNVR::MIR601:693186:	0	0	0	0	1	1
I:CNVR::ULK4:54986:	0	0	0	0	1	1
I:CNVR::PID1:55022:	0	0	0	0	1	1
I:CNVR::PCNP:57092:	0	0	0	0	1	1
I:CNVR::DLGAP2:9228:	0	0	0	0	1	1
I:CNVR::EMR4P:326342:	0	0	0	0	1	1
I:CNVR::hsa-mir-548i-4:-1221:	0	0	0	0	1	1
N:METH:cg08855288:NKAIN3:TssD66:Island	0	0	0	0	1	1
N:METH:cg01924448:NFIB:TssD624:Island	0	0	0	0	1	1
N:METH:cg02232320:RP11-345M22.2:TssU222:NA	0	0	0	0	1	1
N:METH:cg13690989:MEF2C:TssD240:Island	0	0	0	0	1	1
N:METH:cg16218980:RGMA:TssU108:Island	0	0	0	0	1	1
