featureID	gnosis_1_COADREAD	CF|All_Top 100_COADREAD	AKLIMATE_COADREAD_reduced_model_500_feature_set_COADREAD	nn_jg_2020-03-20_top1kfreq:COADREAD_COADREAD	rfe15_COADREAD	Total
B:MUTA:COMP:TP53::	0	0	1	0	0	1
B:MUTA:nons:TP53::	0	0	1	0	1	2
N:GEXP::ITGA3:3675:	0	0	0	1	0	1
N:GEXP::SPARC:6678:	0	0	0	1	0	1
N:GEXP::TPD52L1:7164:	0	0	0	1	0	1
N:GEXP::AKR1C3:8644:	0	0	0	1	0	1
B:MUTA:COMP:MLH1::	1	1	1	0	1	4
N:GEXP::IGF2:3481:	0	0	0	1	0	1
N:GEXP::MLH1:4292:	0	1	1	0	0	2
N:GEXP::KRT8:3856:	0	0	0	1	0	1
N:GEXP::SLPI:6590:	0	0	0	1	0	1
N:GEXP::C3:718:	0	0	0	1	0	1
N:GEXP::DSP:1832:	0	0	0	1	0	1
N:GEXP::MGST1:4257:	0	0	0	1	0	1
N:METH:cg00893636:MLH1:TssU2:Island	0	1	1	0	1	3
N:METH:cg04274487:RAB31:TssD133:Island	1	1	1	0	1	4
N:GEXP::TIMP1:7076:	0	0	0	1	0	1
B:MUTA:COMP:BRAF::	0	0	1	0	0	1
B:MUTA:nons:BRAF::	0	0	1	0	0	1
N:GEXP::CLU:1191:	0	0	0	1	0	1
N:GEXP::TGFBI:7045:	0	0	0	1	0	1
N:GEXP::ATP1B1:481:	0	0	0	1	0	1
N:GEXP::ABAT:18:	0	0	0	1	0	1
N:GEXP::EPCAM:4072:	0	0	0	1	0	1
N:GEXP::ABCC3:8714:	0	0	0	1	0	1
B:MUTA:HOTS:BRAF:pV600:	0	0	1	0	0	1
N:GEXP::C1orf116:79098:	0	0	0	1	0	1
N:GEXP::SCARB1:949:	0	0	0	1	0	1
N:GEXP::C4A:720:	0	0	0	1	0	1
N:GEXP::TXNRD1:7296:	0	0	0	1	0	1
N:GEXP::ACSF2:80221:	0	0	0	1	0	1
N:GEXP::RARRES2:5919:	0	0	0	1	0	1
N:GEXP::MGP:4256:	0	0	0	1	0	1
N:GEXP::UGT1A6:54578:	0	0	0	1	0	1
N:GEXP::GSTA1:2938:	0	0	0	1	0	1
N:GEXP::PPL:5493:	0	0	0	1	0	1
N:GEXP::CLDN1:9076:	0	0	0	1	0	1
B:MUTA:LOF:MLH1::	0	1	1	0	1	3
N:METH:cg03414321:HCK:TssD21:Island	0	1	1	0	0	2
B:MUTA:COMP:CARD11::	0	0	1	0	0	1
N:GEXP::EEF2:1938:	0	0	0	1	0	1
N:GEXP::GAPDH:2597:	0	0	0	1	0	1
N:GEXP::LGALS3BP:3959:	0	0	0	1	0	1
N:GEXP::DHCR24:1718:	0	0	0	1	0	1
B:MUTA:COMP:SFRP5::	0	0	1	0	0	1
N:GEXP::CDKN1A:1026:	0	0	1	0	0	1
N:GEXP::GNAS:2778:	0	0	0	1	1	2
N:GEXP::HSPB1:3315:	0	0	0	1	0	1
N:GEXP::SQSTM1:8878:	0	0	0	1	0	1
N:GEXP::HSP90AB1:3326:	0	0	0	1	0	1
N:GEXP::HPGD:3248:	0	0	0	1	0	1
N:GEXP::MAOA:4128:	0	0	0	1	0	1
N:GEXP::B2M:567:	0	0	0	1	0	1
N:GEXP::CCND2:894:	0	0	0	1	1	2
N:GEXP::TUBA1B:10376:	0	0	0	1	0	1
N:GEXP::DUSP4:1846:	0	0	1	0	0	1
B:MUTA:LOF:SFRP5::	0	0	1	0	0	1
N:GEXP::RNF128:79589:	0	1	1	1	0	3
N:GEXP::AKR1B10:57016:	0	0	0	1	0	1
N:GEXP::SEPP1:6414:	0	0	0	1	0	1
N:GEXP::LAMB3:3914:	0	0	0	1	0	1
N:METH:cg16884569:RASSF2:TssD656:Island	0	1	1	0	0	2
N:METH:cg23764381:ATRNL1:TssU438:Island	1	1	1	0	1	4
N:METH:cg05714219:GALNT14:TssU90:Island	0	1	1	0	0	2
B:MUTA:COMP:KMT2D::	0	0	1	0	0	1
N:GEXP::LDLR:3949:	0	0	0	1	0	1
N:GEXP::TESC:54997:	0	0	0	1	0	1
N:GEXP::SDC1:6382:	0	0	0	1	0	1
N:GEXP::PKM2:5315:	0	0	0	1	0	1
N:GEXP::PDZK1IP1:10158:	0	0	0	1	0	1
N:GEXP::ACTB:60:	0	0	0	1	0	1
N:GEXP::EPHX1:2052:	0	0	0	1	0	1
N:GEXP::IFI30:10437:	0	0	0	1	0	1
N:GEXP::STARD10:10809:	0	0	0	1	0	1
N:GEXP::GSN:2934:	0	0	0	1	0	1
N:METH:cg10182321:STK32B:TssU777:Shore	1	1	1	0	1	4
N:GEXP::SDC4:6385:	0	0	0	1	0	1
N:GEXP::MYL9:10398:	0	0	0	1	0	1
N:GEXP::TGM2:7052:	0	0	0	1	0	1
N:GEXP::GPX2:2877:	0	0	0	0	1	1
N:GEXP::CD59:966:	0	0	0	1	0	1
N:METH:cg11476211:PRKCE:TssU216:Island	0	0	1	0	1	2
N:METH:cg01888411:ABTB2:TssD1263:Island	0	0	1	0	1	2
N:GEXP::ALDH2:217:	0	0	0	1	0	1
N:GEXP::COL6A1:1291:	0	0	0	1	0	1
N:GEXP::LCN2:3934:	0	0	0	1	0	1
N:GEXP::C7:730:	0	0	0	1	0	1
N:GEXP::HLA-B:3106:	0	0	0	1	0	1
N:GEXP::TPT1:7178:	0	0	0	1	0	1
N:GEXP::SERPINA3:12:	0	0	0	1	0	1
N:GEXP::CXCL14:9547:	0	1	1	0	0	2
N:METH:cg02982690:BHLHE22:TssU79:Shore	1	1	1	0	0	3
N:GEXP::EPM2AIP1:9852:	0	1	1	0	0	2
N:METH:cg26937500:CARD11:TssD142:Island	0	0	1	0	0	1
N:GEXP::VEGFA:7422:	0	0	0	1	0	1
N:GEXP::RNF43:54894:	0	0	1	1	0	2
N:GEXP::LY6E:4061:	0	0	0	1	0	1
N:GEXP::TBX3:6926:	0	0	0	1	0	1
N:GEXP::HLA-C:3107:	0	0	0	1	0	1
N:GEXP::HLA-A:3105:	0	0	0	1	0	1
N:GEXP::PSAP:5660:	0	0	0	1	0	1
N:GEXP::ALDOA:226:	0	0	0	1	0	1
N:GEXP::KLK10:5655:	0	0	0	1	0	1
N:GEXP::CREB3L1:90993:	0	0	0	1	0	1
N:METH:cg19187185:RRAGD:TssU507:Shore	0	1	1	0	0	2
N:GEXP::RHOBTB3:22836:	0	0	0	1	0	1
N:GEXP::SLC30A2:7780:	0	0	0	1	0	1
N:GEXP::RBP1:5947:	0	0	0	1	0	1
N:GEXP::PEBP1:5037:	0	0	0	1	0	1
N:GEXP::CD9:928:	0	0	0	1	0	1
N:GEXP::SDC3:9672:	0	0	0	1	0	1
N:GEXP::UBC:7316:	0	0	0	1	0	1
N:METH:cg16580737:MME:TssU57:Island	0	1	1	0	0	2
N:METH:cg02279071:EPM2AIP1:TssD278:Shore	0	0	1	0	0	1
N:METH:cg09542745:SFRP5:TssD546:Island	1	1	1	0	1	4
N:GEXP::BST2:684:	0	0	0	1	0	1
N:GEXP::FTH1:2495:	0	0	0	1	0	1
N:GEXP::SOD2:6648:	0	0	0	1	0	1
N:GEXP::ALDH1A1:216:	0	0	0	1	0	1
N:GEXP::ACTG1:71:	0	0	0	1	0	1
N:GEXP::PSAT1:29968:	0	0	0	1	0	1
N:GEXP::IGFBP2:3485:	0	0	0	1	0	1
N:GEXP::SLC6A8:6535:	0	0	0	1	0	1
N:GEXP::DDR1:780:	0	0	0	1	0	1
N:GEXP::ATP5A1:498:	0	0	1	1	1	3
B:MUTA:COMP:KRAS::	0	0	1	0	0	1
N:GEXP::TMSL3:7117:	0	0	0	1	0	1
N:GEXP::SMOC1:64093:	0	0	0	1	0	1
N:GEXP::FADS2:9415:	0	0	0	1	0	1
N:GEXP::KCNH2:3757:	0	0	0	1	0	1
N:GEXP::HSP90AA1:3320:	0	0	0	1	0	1
N:GEXP::GPI:2821:	0	0	0	1	0	1
N:GEXP::KRT18:3875:	0	0	0	1	0	1
N:GEXP::PRR15:222171:	0	1	1	0	0	2
N:GEXP::TYMS:7298:	0	0	1	0	0	1
N:GEXP::TTC39A:22996:	0	0	0	1	0	1
N:GEXP::REEP6:92840:	0	0	0	1	0	1
N:GEXP::LDHB:3945:	0	0	0	1	0	1
N:GEXP::HSPD1:3329:	0	0	0	1	0	1
N:METH:cg18416881:AKR1B1:TssD28:Island	0	1	1	0	1	3
N:METH:cg00828602:WNT5A:TssD837:Island	0	0	1	0	0	1
N:METH:cg02136132:KCNK13:TssU219:Island	1	1	1	0	0	3
N:GEXP::QPRT:23475:	0	0	1	1	0	2
N:GEXP::TSPAN12:23554:	0	0	0	1	0	1
N:GEXP::NUPR1:26471:	0	0	0	1	0	1
N:GEXP::SRRM2:23524:	0	0	0	1	0	1
N:GEXP::AP2M1:1173:	0	0	0	1	0	1
N:METH:cg09479015:KIRREL2:TssU90:Island	0	0	1	0	0	1
N:GEXP::TMBIM6:7009:	0	0	0	1	0	1
N:GEXP::ENO1:2023:	0	0	0	1	0	1
N:GEXP::CTTNBP2:83992:	0	0	1	0	0	1
N:METH:cg00658626:CCDC63:TssD147:Island	0	1	1	0	0	2
N:METH:cg25808906:DGKG:TssD4:Island	0	0	1	0	0	1
N:METH:cg09979256:RSPO3:TssU80:Island	1	1	1	0	1	4
N:GEXP::DDX27:55661:	1	0	0	0	0	1
B:MUTA:COMP:CD70::	0	0	1	0	0	1
N:GEXP::CAMK2N1:55450:	0	0	0	1	0	1
N:GEXP::TCEA3:6920:	0	0	0	1	0	1
N:GEXP::MYH14:79784:	0	0	0	1	0	1
N:GEXP::CTSD:1509:	0	0	0	1	0	1
N:GEXP::XIST:7503:	0	0	0	1	0	1
N:GEXP::GRB7:2886:	0	0	0	1	0	1
N:GEXP::TUBA1C:84790:	0	0	0	1	0	1
N:GEXP::PRLR:5618:	0	0	0	1	0	1
N:METH:cg19803671:UBE2E2:TssD600:Shore	0	1	1	0	0	2
N:METH:cg11932564:TNFRSF13C:TssD677:Island	0	0	1	0	0	1
N:GEXP::SLC25A3:5250:	0	0	0	1	1	2
N:GEXP::GDF15:9518:	0	0	0	1	0	1
N:GEXP::CTNNA1:1495:	0	0	0	1	0	1
N:GEXP::ATP5B:506:	0	0	0	1	0	1
N:GEXP::ANXA5:308:	0	0	0	1	0	1
N:GEXP::MMP11:4320:	0	0	0	1	0	1
N:GEXP::SFRP2:6423:	0	0	0	1	0	1
N:GEXP::CD63:967:	0	0	0	1	0	1
N:GEXP::TXNIP:10628:	0	0	0	1	0	1
N:GEXP::SERINC2:347735:	0	0	0	1	0	1
N:GEXP::UBB:7314:	0	0	0	1	0	1
N:GEXP::GNB2L1:10399:	0	0	0	1	0	1
N:GEXP::RPS4X:6191:	0	0	0	1	0	1
N:GEXP::RHOB:388:	0	0	0	1	0	1
N:GEXP::TSPAN1:10103:	0	0	0	1	0	1
N:GEXP::C19orf21:126353:	0	0	0	1	0	1
N:METH:cg10073723:BMPER:TssU311:Island	0	1	1	0	0	2
N:METH:cg13436799:LRP2:TssD48:Island	1	1	1	0	0	3
B:MUTA:nons:KRAS::	0	0	1	0	0	1
B:MUTA:LOF:CUL1::	0	0	0	0	1	1
N:GEXP::TSPAN8:7103:	0	0	0	1	0	1
N:GEXP::MVP:9961:	0	0	0	1	0	1
N:GEXP::NPTX2:4885:	0	0	0	1	0	1
N:GEXP::HSPA9:3313:	0	0	0	1	0	1
N:GEXP::ITM2B:9445:	0	0	0	1	0	1
N:GEXP::EZR:7430:	0	0	0	1	0	1
N:GEXP::APP:351:	0	0	0	1	0	1
N:GEXP::RPS11:6205:	0	0	0	1	0	1
N:GEXP::ERGIC1:57222:	0	0	0	1	0	1
N:GEXP::CACNA1D:776:	0	0	0	1	0	1
N:METH:cg25179291:FNBP1:TssU265:Island	0	1	1	0	1	3
N:METH:cg24009736:B4GALNT1:TssD89:Island	0	1	1	0	0	2
N:METH:cg24824266:SV2B:TssD109:Island	0	0	1	0	0	1
N:METH:cg15034135:ADAMTS19:TssD193:Island	0	1	1	0	0	2
N:GEXP::PCSK1N:27344:	0	0	1	0	0	1
N:METH:cg07744166:WASF3:TssU357:Shore	0	1	1	0	0	2
N:GEXP::SORL1:6653:	0	0	0	1	0	1
N:GEXP::G0S2:50486:	0	0	0	1	0	1
N:GEXP::PKDCC:91461:	0	0	0	1	0	1
N:GEXP::PIP5K1B:8395:	0	0	0	1	0	1
N:GEXP::PRDX2:7001:	0	0	0	1	0	1
N:GEXP::CARHSP1:23589:	0	0	0	1	0	1
N:GEXP::PLD3:23646:	0	0	0	1	0	1
N:GEXP::CA9:768:	0	0	0	1	0	1
N:GEXP::CHGB:1114:	0	0	0	1	0	1
N:GEXP::BSG:682:	0	0	0	1	0	1
N:GEXP::BTF3:689:	0	0	0	1	0	1
N:GEXP::MAGED2:10916:	0	0	0	1	0	1
N:GEXP::RBM47:54502:	0	0	0	1	0	1
N:METH:cg05882522:CAPN14:TssU64:Island	0	0	1	0	0	1
N:METH:cg11722531:APC2:TssU292:Shore	0	0	1	0	0	1
N:GEXP::DDB2:1643:	0	0	1	0	0	1
N:GEXP::FCGBP:8857:	0	0	0	1	0	1
N:GEXP::SLC25A6:293:	0	0	0	1	0	1
N:GEXP::MYL6:4637:	0	0	0	1	0	1
N:GEXP::DUSP15:128853:	0	0	1	0	0	1
N:GEXP::ARL6IP1:23204:	0	0	0	1	0	1
N:METH:cg22188495:PRICKLE1:TssU308:Shore	1	0	1	0	0	2
N:METH:cg15717808:KCNQ5:TssD80:Island	0	0	1	0	0	1
N:METH:cg04678793:LY6E:TssD166:Island	0	0	1	0	0	1
N:GEXP::IGFBP7:3490:	0	0	0	1	0	1
N:GEXP::ETV5:2119:	0	0	1	0	0	1
N:GEXP::TDGF1:6997:	0	0	0	1	0	1
N:GEXP::CEL:1056:	0	0	0	1	0	1
N:GEXP::HSPB6:126393:	0	0	0	1	0	1
N:GEXP::PLP2:5355:	0	0	0	1	0	1
N:GEXP::CKMT1B:1159:	0	0	0	1	0	1
N:GEXP::CST3:1471:	0	0	0	1	0	1
N:GEXP::IRF6:3664:	0	0	0	1	0	1
N:GEXP::RPL8:6132:	0	0	0	1	0	1
N:GEXP::ASS1:445:	0	0	0	1	0	1
N:GEXP::NACA:4666:	0	0	0	1	0	1
N:GEXP::NEAT1:283131:	0	0	0	1	0	1
N:GEXP::SERF2:10169:	0	0	0	1	0	1
N:GEXP::ACTN4:81:	0	0	0	1	0	1
N:GEXP::CMBL:134147:	0	0	0	1	0	1
N:GEXP::TSPAN13:27075:	0	0	0	1	0	1
N:GEXP::HMGCS2:3158:	0	0	1	0	0	1
N:GEXP::FERMT1:55612:	0	0	0	1	0	1
N:GEXP::TMEM63C:57156:	0	0	0	1	0	1
N:GEXP::SOX9:6662:	0	0	0	1	0	1
N:GEXP::SLC40A1:30061:	0	0	0	1	0	1
N:GEXP::COL14A1:7373:	0	0	0	1	0	1
N:METH:cg18119529:ZNF114:TssD133:Island	0	0	1	0	0	1
N:METH:cg14174099:SLC8A3:TssU74:Island	0	1	1	0	0	2
N:METH:cg23410627:CH25H:TssD265:Shore	0	0	1	0	0	1
N:METH:cg24407308:DGKZ:TssD541:Island	0	0	1	0	0	1
N:METH:cg09185773:WASF3:TssD885:Shore	0	1	1	0	0	2
N:METH:cg15755548:ARHGDIG:TssU33:Shore	0	0	1	0	0	1
N:GEXP::KCNQ1:3784:	0	0	0	1	0	1
N:GEXP::CEACAM1:634:	0	0	0	1	0	1
N:GEXP::TCF7:6932:	0	1	1	0	0	2
N:GEXP::PAPSS2:9060:	0	0	0	1	0	1
N:GEXP::RTN4:57142:	0	0	0	1	0	1
N:GEXP::ITPR3:3710:	0	0	0	1	0	1
N:GEXP::RPL7A:6130:	0	0	0	1	0	1
N:GEXP::OAZ1:4946:	0	0	0	1	0	1
N:METH:cg19237753:SIRPA:TssD272:Shore	1	1	1	0	0	3
N:METH:cg25924032:BMS1:TssD99:Island	0	1	1	0	0	2
N:METH:cg03014628:RAB3C:TssD133:Island	0	0	1	0	0	1
N:METH:cg05702737:WNT10A:TssD211:Island	0	1	1	0	1	3
N:METH:cg20673481:KCNS3:TssD339:Shore	0	0	1	0	0	1
N:METH:cg00247489:CR2:TssD185:Island	0	0	1	0	0	1
N:METH:cg09470640:PTPRO:TssD316:Shore	0	1	1	0	0	2
N:GEXP::IRS2:8660:	0	0	0	1	0	1
N:GEXP::FOXD1:2297:	0	0	1	0	0	1
N:GEXP::CEBPA:1050:	0	0	1	0	0	1
N:GEXP::EPN3:55040:	0	0	0	1	0	1
N:GEXP::CYP3A5:1577:	0	0	0	1	0	1
N:GEXP::FBXO2:26232:	0	0	0	1	0	1
N:GEXP::CTSA:5476:	0	0	0	1	0	1
N:GEXP::MLEC:9761:	0	0	0	1	0	1
N:GEXP::TMEM132A:54972:	0	0	0	1	0	1
N:GEXP::TMEM184A:202915:	0	0	0	1	0	1
N:GEXP::DSTN:11034:	0	0	0	1	0	1
N:GEXP::CANX:821:	0	0	0	1	0	1
N:GEXP::DSG2:1829:	0	0	0	1	0	1
N:GEXP::BCAP31:10134:	0	0	0	1	0	1
N:GEXP::PGK1:5230:	0	0	0	1	0	1
N:METH:cg15447479:SMO:TssD51:Island	0	1	1	0	0	2
N:GEXP::GIPC2:54810:	0	0	0	1	0	1
N:GEXP::IQGAP2:10788:	0	0	0	1	0	1
N:METH:cg16111791:CACNB4:TssD127:Island	0	0	1	0	0	1
N:METH:cg17347389:TRIM9:TssD134:Shore	1	0	1	0	0	2
N:METH:cg12379775:ZNF512B:TssD146:Island	0	0	1	0	0	1
N:METH:cg11434468:XKR6:TssU401:Shore	0	0	1	0	0	1
N:METH:cg06150468:BATF3:TssU757:Shore	0	1	1	0	0	2
N:METH:cg01968178:REEP1:TssD169:Island	0	0	1	0	0	1
N:METH:cg26705553:MMP25:TssD28:Island	0	0	1	0	0	1
N:METH:cg14049461:GRID2:TssD213:Shore	0	1	1	0	0	2
N:METH:cg23096644:SGCE:TssD777:Shore	0	1	1	0	0	2
N:GEXP::RPL10:6134:	0	0	0	1	0	1
N:GEXP::C10orf99:387695:	0	1	1	0	0	2
N:GEXP::PTPRD:5789:	0	0	1	0	0	1
N:GEXP::TUBA4A:7277:	0	0	0	1	0	1
N:GEXP::GATA6:2627:	0	0	0	1	0	1
N:GEXP::GPRC5A:9052:	0	0	0	1	0	1
N:GEXP::GNS:2799:	0	0	0	1	0	1
N:GEXP::NPM1:4869:	0	0	0	1	0	1
N:GEXP::AES:166:	0	0	0	1	0	1
N:GEXP::MSX2:4488:	0	0	0	1	0	1
N:METH:cg13801416:AKR1B1:TssU24:Island	0	0	1	0	0	1
N:METH:cg07748540:PDGFD:TssD217:Island	0	0	1	0	0	1
N:METH:cg07540118:ADAM19:TssD37:Island	0	0	1	0	0	1
N:METH:cg13877465:IGF2BP1:TssU105:Island	0	0	1	0	0	1
N:METH:cg05497616:CAMK4:TssD209:Island	0	0	1	0	0	1
N:METH:cg14590817:ADARB2:TssU59:Island	0	0	1	0	0	1
N:METH:cg22334000:C4orf22:TssD63:Shore	0	1	1	0	0	2
N:METH:cg18762485:CH25H:TssU93:Shore	0	1	1	0	0	2
N:METH:cg25917510:HOXC8:TssU3:Island	0	1	1	0	0	2
N:GEXP::LRP4:4038:	0	0	0	1	1	2
N:GEXP::TNFRSF11A:8792:	0	0	1	0	0	1
N:GEXP::CPLX2:10814:	0	1	0	0	0	1
N:GEXP::PLCD3:113026:	0	0	0	1	0	1
N:GEXP::LMOD1:25802:	0	0	0	1	0	1
N:GEXP::KRT80:144501:	0	0	0	1	0	1
N:GEXP::HLA-E:3133:	0	0	0	1	0	1
N:GEXP::PPP2R1A:5518:	0	0	0	1	0	1
N:GEXP::HSPB7:27129:	0	0	0	1	0	1
N:GEXP::RPS23:6228:	0	0	0	1	0	1
N:GEXP::CALB1:793:	0	0	0	1	0	1
N:GEXP::RPL24:6152:	0	0	0	1	0	1
N:GEXP::RPL19:6143:	0	0	0	1	0	1
N:METH:cg18335243:PTGS2:TssD37:Shore	0	0	1	0	0	1
N:METH:cg09604203:MYBL2:TssD316:Island	0	0	1	0	0	1
N:GEXP::PBK:55872:	0	1	0	0	0	1
N:GEXP::SCD:6319:	0	0	0	1	0	1
N:METH:cg14904464:NELL2:TssD10:Shore	0	0	1	0	0	1
N:METH:cg04603184:RNF182:TssU170:Island	0	1	1	0	0	2
N:METH:cg14831838:CDK5R2:TssU70:Island	0	0	1	0	0	1
N:METH:cg05203877:SLC8A3:TssD102:Island	0	1	1	0	0	2
N:METH:cg14706178:LRGUK:TssD105:Island	0	0	1	0	0	1
I:CNVR::METTL16:79066:	0	0	1	0	0	1
N:METH:cg03593419:GABRA4:TssD49:Island	0	1	1	0	0	2
I:CNVR::TP53:7157:	0	0	1	0	0	1
N:GEXP::SEMA5A:9037:	0	1	1	0	0	2
N:GEXP::TNFRSF10A:8797:	0	0	1	0	0	1
B:MUTA:LOF:KCNQ5::	0	0	0	0	1	1
N:GEXP::SYNPO2:171024:	0	0	0	1	0	1
N:GEXP::ARF1:375:	0	0	0	1	0	1
N:GEXP::RASAL1:8437:	0	0	0	1	0	1
N:GEXP::TSIX:9383:	0	0	0	1	0	1
N:GEXP::MIF:4282:	0	0	0	1	0	1
N:GEXP::LAPTM4A:9741:	0	0	0	1	0	1
N:METH:cg08788717:STK33:TssU2:Island	0	0	1	0	0	1
N:GEXP::BMP4:652:	0	0	0	1	0	1
N:METH:cg08725962:ARL10:TssD21:Island	0	1	1	0	0	2
N:GEXP::SYNM:23336:	0	0	0	1	0	1
N:METH:cg26332534:HTR7:TssU607:Shore	0	1	1	0	0	2
N:METH:cg20123891:NXPH3:TssD161:Island	0	0	1	0	0	1
N:METH:cg13518327:THRB-AS1:TssU26:Shore	0	0	1	0	0	1
N:GEXP::SEZ6L2:26470:	0	0	0	1	0	1
N:GEXP::SLC26A2:1836:	0	0	0	1	0	1
N:GEXP::SLC22A11:55867:	0	0	1	0	0	1
N:GEXP::TPD52L2:7165:	1	0	1	0	0	2
N:GEXP::HEPH:9843:	0	0	0	1	0	1
N:GEXP::LRP1:4035:	0	0	0	0	1	1
N:GEXP::FAM198B:51313:	0	0	0	1	0	1
N:GEXP::SLC16A9:220963:	0	0	0	1	0	1
N:GEXP::UBA1:7317:	0	0	0	1	0	1
N:GEXP::STRA6:64220:	0	0	0	1	0	1
N:GEXP::RPS14:6208:	0	0	0	1	0	1
N:GEXP::COX4I1:1327:	0	0	0	1	0	1
N:GEXP::RPL36:25873:	0	0	0	1	0	1
N:GEXP::FGFR4:2264:	0	0	0	1	0	1
N:GEXP::SLC27A2:11001:	0	0	0	1	0	1
N:METH:cg10279685:NPHP1:TssD110:Island	0	0	1	0	0	1
N:METH:cg03770147:KLF7:TssD460:Shore	0	0	1	0	0	1
N:METH:cg09881855:SNAI2:TssU318:Shore	0	0	1	0	0	1
N:METH:cg15307268:RP11-325N19.3:TssD137:Island	0	0	1	0	0	1
N:METH:cg24371225:NIM1K:TssD19:Island	0	1	1	0	0	2
N:METH:cg13365761:SCNN1G:TssD119:Island	0	0	1	0	0	1
N:METH:cg19141563:PPM1E:TssD22:Island	0	1	1	0	0	2
N:GEXP::EMX1:2016:	0	0	1	0	0	1
N:METH:cg10482024:AK4:TssU191:Island	0	0	1	0	0	1
N:GEXP::TP53RK:112858:	0	0	1	0	0	1
N:GEXP::ACSL5:51703:	0	0	1	0	0	1
N:GEXP::WIF1:11197:	0	0	0	1	0	1
N:GEXP::HNRNPC:3183:	0	0	0	1	0	1
N:GEXP::ASPH:444:	0	0	0	1	0	1
N:GEXP::YWHAZ:7534:	0	0	0	1	0	1
N:GEXP::WNT11:7481:	0	0	0	1	0	1
N:GEXP::SLC25A5:292:	0	0	0	1	0	1
N:GEXP::PTPRH:5794:	0	0	0	1	0	1
N:GEXP::HOOK1:51361:	0	0	0	1	0	1
N:GEXP::PRDX5:25824:	0	0	0	1	0	1
N:GEXP::HK2:3099:	0	0	0	1	0	1
N:GEXP::PRUNE2:158471:	0	0	0	1	0	1
N:GEXP::LASS2:29956:	0	0	0	1	0	1
N:GEXP::TMEM66:51669:	0	0	0	1	0	1
N:GEXP::KIAA1522:57648:	0	0	0	1	0	1
N:GEXP::FZD10:11211:	0	0	1	0	0	1
N:GEXP::OCA2:4948:	0	0	1	0	0	1
N:METH:cg22967284:SLIT1:TssU214:Island	0	1	1	0	0	2
N:METH:cg11768886:STK32B:TssU375:Shore	0	0	1	0	0	1
N:METH:cg23141333:DENND2C:TssD38:Island	0	1	1	0	0	2
N:METH:cg16640096:COL4A3:TssD508:Shore	0	0	1	0	0	1
N:METH:cg18244915:ZNF570:TssU35:Shore	1	1	1	0	1	4
N:GEXP::C16orf5:29965:	0	0	1	0	0	1
N:GEXP::GTF2IRD1:9569:	0	0	1	0	0	1
N:GEXP::EN2:2020:	1	1	0	0	0	2
N:GEXP::CKMT2:1160:	0	0	0	1	0	1
N:GEXP::PI3:5266:	0	0	0	1	0	1
N:GEXP::MSI1:4440:	0	0	0	1	0	1
N:GEXP::EIF4B:1975:	0	0	0	1	0	1
N:GEXP::CHMP4C:92421:	0	0	0	1	0	1
N:GEXP::RRBP1:6238:	0	0	0	1	0	1
N:GEXP::EIF4G1:1981:	0	0	0	1	0	1
N:GEXP::FAM129B:64855:	0	0	0	1	0	1
N:GEXP::CACNA2D2:9254:	0	1	0	0	0	1
N:GEXP::ACE2:59272:	0	0	0	1	0	1
N:METH:cg06885524:CYBRD1:TssD65:Island	0	0	1	0	0	1
N:METH:cg08228917:LHFP:TssD247:Island	0	0	1	0	1	2
N:METH:cg08478189:KLF7:TssD4:Shore	0	1	1	0	0	2
N:METH:cg10154926:HAP1:TssU112:Island	0	1	1	0	0	2
N:METH:cg10778619:KCNMB4:TssD750:Island	0	0	1	0	0	1
N:METH:cg19135706:RAB3C:TssD341:Shore	0	0	1	0	0	1
N:METH:cg09339301:QKI:TssD18:Island	0	1	1	0	0	2
N:METH:cg10167296:RASSF5:TssU236:Island	0	0	1	0	0	1
N:METH:cg08923450:RP11-624M8.1:TssD182:Island	0	1	1	0	0	2
N:GEXP::CSTF1:1477:	0	0	1	0	0	1
N:METH:cg17456704:ZNF625-ZNF20:TssU229:Shore	0	0	1	0	0	1
N:METH:cg01803238:BCL2:TssD20:Island	0	1	1	0	0	2
N:METH:cg18237405:CPNE5:TssU203:Island	0	0	1	0	0	1
N:GEXP::KLF7:8609:	0	0	1	0	0	1
N:GEXP::QPCT:25797:	0	1	1	0	0	2
N:METH:cg08958015:CCDC65:TssU2:NA	0	0	1	0	0	1
N:GEXP::EPB41L4B:54566:	0	0	0	1	0	1
N:GEXP::APOL3:80833:	0	1	0	0	0	1
N:GEXP::GGT6:124975:	0	0	0	1	0	1
N:GEXP::SLC39A14:23516:	0	0	0	1	0	1
N:GEXP::MBOAT7:79143:	0	0	0	1	0	1
N:MIR::hsa-miR-6715b-3p:Corrected:	0	0	0	0	1	1
N:GEXP::YWHAB:7529:	0	0	0	1	0	1
N:GEXP::RPL6:6128:	0	0	0	1	0	1
N:METH:cg03079681:CDKN2A:TssD188:Island	0	0	1	0	0	1
N:METH:cg04836428:DTNA:TssU10:Shore	0	0	1	0	0	1
N:METH:cg01151699:CACNG2:TssD345:Shore	0	0	1	0	0	1
N:METH:cg23402444:PSD:TssD36:Island	0	0	1	0	0	1
N:METH:cg10544564:CADM3:TssD310:Shore	0	0	1	0	0	1
N:METH:cg02780295:PCDHGC3:TssU52:Island	0	0	1	0	0	1
N:METH:cg27504805:NPY2R:TssU57:Island	0	0	1	0	0	1
N:METH:cg07755653:STX11:TssU466:Island	0	0	1	0	0	1
N:METH:cg07806164:UBE2E2:TssD34:Island	0	1	1	0	0	2
N:METH:cg02413850:RP11-394O2.3:TssD44:Shore	0	0	1	0	0	1
N:METH:cg00293409:PIGX:TssD22:Island	0	0	1	0	0	1
N:METH:cg23423382:ZNF287:TssD44:Island	0	0	1	0	0	1
N:METH:cg08785922:NXN:TssU128:Island	0	0	1	0	0	1
N:METH:cg24014661:TCTE1:TssU243:Island	0	1	1	0	0	2
N:METH:cg22339278:KIRREL2:TssU214:Island	0	0	1	0	0	1
N:METH:cg16354207:UBE2F:TssU562:Shore	0	0	1	0	0	1
N:GEXP::TDGF3:6998:	0	0	1	0	0	1
N:GEXP::KDSR:2531:	0	1	1	0	0	2
N:GEXP::MBP:4155:	0	0	1	0	0	1
N:GEXP::KLK12:43849:	0	0	1	0	0	1
N:GEXP::AXIN2:8313:	0	1	1	0	0	2
N:GEXP::TGIF2:60436:	0	0	1	0	0	1
N:GEXP::NDUFC2:4718:	0	1	0	0	0	1
N:GEXP::FDFT1:2222:	0	0	0	0	1	1
B:MUTA:COMP:WWC1::	0	0	0	0	1	1
N:GEXP::C12orf75:387882:	0	0	0	1	0	1
N:GEXP::SNTB1:6641:	0	0	0	1	0	1
N:GEXP::ATP2A3:489:	0	0	0	1	0	1
B:MUTA:nons:MACF1::	0	0	0	0	1	1
N:GEXP::PGRMC1:10857:	0	0	0	1	0	1
N:GEXP::MORF4L2:9643:	0	0	0	1	0	1
N:GEXP::KLK1:3816:	0	0	0	1	0	1
N:GEXP::CACNA1H:8912:	0	0	0	1	0	1
N:GEXP::RBBP7:5931:	0	0	0	1	0	1
N:GEXP::AGT:183:	0	0	0	1	0	1
N:GEXP::ZNF703:80139:	0	0	0	1	0	1
N:GEXP::DBNDD2:55861:	0	0	1	0	0	1
N:METH:cg16750914:CCDC88A:TssD128:Island	0	0	1	0	0	1
N:GEXP::PRSS23:11098:	0	0	1	0	0	1
N:GEXP::CD164:8763:	0	0	0	1	0	1
N:METH:cg19635869:RRAGD:TssD72:Island	0	0	1	0	0	1
N:METH:cg06200013:ATP1B2:TssD82:Island	0	0	1	0	0	1
N:METH:cg03081134:RECK:TssU116:Island	0	0	1	0	0	1
N:METH:cg06011292:MYH10:TssD23:Island	0	0	1	0	0	1
N:METH:cg19918758:VAV3:TssU346:Shore	0	0	1	0	0	1
N:METH:cg27225570:DUSP15:TssD38:Island	0	0	1	0	0	1
N:METH:cg03038003:BEND5:TssU258:Shore	0	0	1	0	0	1
N:METH:cg24680924:EPHB6:TssD34:Island	0	0	1	0	0	1
N:METH:cg17885062:NRCAM:TssD349:Island	0	1	1	0	0	2
N:METH:cg22619563:EPHA3:TssD3:NA	0	0	1	0	0	1
N:METH:cg09867835:GLP1R:TssU313:Shore	0	0	1	0	0	1
N:METH:cg00209951:DENND2C:TssU101:Island	0	0	1	0	0	1
N:METH:cg05022306:HOXC8:TssD363:Island	0	1	1	0	0	2
N:METH:cg20199629:SAMD14:TssU261:Island	0	1	1	0	0	2
N:METH:cg03884783:ZNF569:TssD114:Island	0	0	1	0	0	1
N:METH:cg20857455:CPNE8:TssU70:Shore	0	0	1	0	0	1
N:GEXP::C20orf43:51507:	0	0	1	0	0	1
N:METH:cg27480700:ZNF480:TssD91:Island	0	1	1	0	0	2
N:METH:cg26328002:APCDD1:TssD483:Shore	0	0	1	0	0	1
I:CNVR::ZNF396:252884:	0	0	1	0	0	1
I:CNVR::CDH19:28513:	0	0	1	0	0	1
N:GEXP::ERGIC3:51614:	0	0	1	0	0	1
N:GEXP::CKB:1152:	0	0	1	0	0	1
N:GEXP::CPT2:1376:	0	0	1	0	0	1
N:GEXP::FHDC1:85462:	0	0	1	0	0	1
N:GEXP::ALOXE3:59344:	0	0	1	0	0	1
N:METH:cg11510839:OCA2:TssD17:Island	0	0	1	0	0	1
N:GEXP::PXMP4:11264:	1	0	0	0	0	1
N:GEXP::IL20RA:53832:	0	0	0	1	0	1
N:GEXP::PPIF:10105:	0	0	0	1	0	1
N:GEXP::CHCHD2:51142:	0	0	0	1	0	1
N:GEXP::MLXIPL:51085:	0	0	0	1	0	1
N:GEXP::CES2:8824:	0	0	0	1	0	1
N:GEXP::PLEKHG4:25894:	0	0	0	1	0	1
N:MIR::hsa-miR-34c-5p:Corrected:	0	0	0	0	1	1
N:MIR::hsa-miR-212-3p:Corrected:	0	0	0	0	1	1
N:MIR::hsa-miR-625-5p:Corrected:	0	0	0	0	1	1
N:MIR::hsa-miR-195-3p:Corrected:	0	0	0	0	1	1
N:GEXP::ERN2:10595:	0	0	0	1	0	1
N:GEXP::SYT7:9066:	0	0	0	1	0	1
N:GEXP::UGT2A3:79799:	0	0	0	1	0	1
N:GEXP::RAB27B:5874:	0	0	1	0	0	1
N:GEXP::DAZAP2:9802:	0	0	0	1	0	1
N:GEXP::ZG16B:124220:	0	0	0	1	0	1
N:METH:cg06994747:ADAMTS10:TssU18:Island	0	0	1	0	0	1
N:METH:cg21835622:DPYSL3:TssD92:Island	0	0	1	0	0	1
N:GEXP::TH1L:51497:	0	0	1	0	0	1
N:METH:cg15757271:WNT5A-AS1:TssD61:Island	0	1	1	0	0	2
N:METH:cg18182358:ST3GAL6:TssU79:Shore	0	0	1	0	0	1
N:METH:cg15628498:ONECUT1:TssD374:Island	1	0	1	0	0	2
N:METH:cg22614355:HTR6:TssU544:Island	0	1	1	0	0	2
N:METH:cg00308133:GAMT:TssD425:Island	0	0	1	0	0	1
N:GEXP::TXNDC9:10190:	0	1	0	0	0	1
N:METH:cg05607127:MTA3:TssU129:Island	0	0	1	0	0	1
N:METH:cg00095674:PLEKHO1:TssU144:Island	0	0	1	0	0	1
N:METH:cg24078828:WWTR1:TssD24:Island	0	0	1	0	0	1
N:METH:cg17615007:ZNF134:TssU113:Shore	0	0	1	0	0	1
N:METH:cg24053587:PTPRO:TssD373:Shore	0	1	1	0	0	2
N:GEXP::KIF3B:9371:	0	0	1	0	0	1
I:CNVR::RNF152:220441:	0	0	1	0	0	1
N:METH:cg19791277:KHDRBS3:TssD79:Island	0	0	1	0	0	1
N:METH:cg15205507:ZNF331:TssD44:Island	0	1	1	0	0	2
N:METH:cg23263923:CD70:TssU40:Shore	0	0	1	0	0	1
I:CNVR::PIK3C3:5289:	0	0	1	0	0	1
N:GEXP::C20orf112:140688:	0	0	1	0	0	1
I:CNVR::ZNF397:84307:	0	0	1	0	0	1
I:CNVR::C18orf21:83608:	0	0	1	0	0	1
N:METH:cg02407785:PCDH9:TssD293:Shore	0	1	1	0	0	2
N:GEXP::POFUT1:23509:	1	1	1	0	0	3
I:CNVR::TNFRSF13B:23495:	0	0	1	0	0	1
N:GEXP::MAP7D2:256714:	0	0	1	0	0	1
N:GEXP::C18orf18:147525:	0	0	1	0	0	1
N:GEXP::ZIC2:7546:	0	0	1	0	0	1
I:CNVR::ZNF287:57336:	0	0	1	0	0	1
N:GEXP::BNIP3:664:	0	0	1	0	0	1
N:GEXP::ZMYND8:23613:	0	1	1	0	0	2
N:GEXP::TRAF3IP2:10758:	0	0	1	0	0	1
I:CNVR::YTHDF2:51441:	0	0	0	0	1	1
N:GEXP::GLB1L2:89944:	0	0	0	1	0	1
N:GEXP::VDAC1:7416:	0	0	0	1	0	1
N:GEXP::DYNLL1:8655:	0	0	0	1	0	1
N:GEXP::SLC7A4:6545:	0	0	0	1	0	1
N:GEXP::CAPNS1:826:	0	0	0	1	0	1
N:GEXP::KIAA1543:57662:	0	0	0	1	0	1
N:GEXP::SLC25A13:10165:	0	1	1	0	0	2
N:METH:cg19267846:PHOSPHO1:TssU63:Island	0	0	1	0	0	1
N:METH:cg09405612:GLI3:TssD743:Shore	0	0	1	0	0	1
N:METH:cg06281795:CALB1:TssU6:NA	0	0	1	0	0	1
N:METH:cg07786760:DCHS2:TssU190:Shore	0	0	1	0	0	1
N:METH:cg04367351:PLA2R1:TssD447:Island	0	0	1	0	0	1
N:METH:cg22734480:ABHD8:TssU63:Island	0	0	1	0	0	1
N:METH:cg16418684:VWCE:TssD294:Island	0	0	1	0	0	1
N:METH:cg23429696:B3GAT2:TssD197:Island	0	0	1	0	0	1
N:METH:cg13882267:ITGA9:TssU404:Shore	0	0	1	0	0	1
N:METH:cg01015879:RDX:TssU301:Island	0	1	1	0	0	2
N:METH:cg23214267:EYA2:TssU127:Shore	0	0	1	0	0	1
N:METH:cg03100040:ZNF345:TssD37:Island	0	0	1	0	0	1
B:MUTA:nons:ACVR2A::	0	0	0	0	1	1
N:GEXP::RNF114:55905:	0	0	1	0	0	1
I:CNVR::ZNF217:7764:	0	0	1	0	0	1
N:METH:cg02385791:ZNF570:TssD68:Island	0	0	1	0	0	1
N:METH:cg23352579:RDX:TssD570:Island	0	1	1	0	0	2
N:METH:cg17523380:PPP1R1A:TssU199:Shore	0	0	1	0	0	1
I:CNVR::LOXHD1:125336:	0	0	1	0	0	1
N:METH:cg09906309:ARL14EP:TssU200:Shore	0	0	1	0	0	1
N:GEXP::C20orf11:54994:	0	0	1	0	0	1
I:CNVR::SETBP1:26040:	0	0	1	0	0	1
N:GEXP::DUSP18:150290:	0	0	1	0	0	1
N:METH:cg13843773:C4orf22:TssU64:Shore	0	1	1	0	0	2
I:CNVR::DSC3:1825:	0	0	1	0	0	1
N:GEXP::PLAGL2:5326:	0	1	1	0	0	2
N:GEXP::GPR126:57211:	0	0	1	0	0	1
N:GEXP::LONRF3:79836:	0	0	1	0	0	1
N:METH:cg06597861:LY6E:TssD597:Island	0	0	1	0	0	1
N:GEXP::C18orf10:25941:	0	0	1	0	0	1
N:GEXP::ABCB1:5243:	0	0	0	1	0	1
N:GEXP::HSPH1:10808:	0	0	0	1	0	1
N:GEXP::DNM2:1785:	0	0	0	1	0	1
I:CNVR::RNF133:168433:	0	0	0	0	1	1
N:GEXP::CKMT1A:548596:	0	0	0	1	0	1
N:GEXP::ALDOB:229:	0	0	0	1	0	1
N:GEXP::SYBU:55638:	0	0	0	1	0	1
N:GEXP::ORM1:5004:	0	0	0	1	0	1
N:GEXP::SKP1:6500:	0	0	0	1	0	1
N:GEXP::GHITM:27069:	0	0	0	1	0	1
N:METH:cg27152280:NRG2:TssU192:Island	0	0	1	0	0	1
N:METH:cg23391006:OXTR:TssD21:Island	0	0	1	0	0	1
N:METH:cg17332016:SLC47A1:TssD597:Shore	0	0	1	0	0	1
N:METH:cg27321979:C15orf27:TssD205:Island	0	0	1	0	0	1
N:GEXP::YTHDF1:54915:	0	0	1	0	0	1
N:METH:cg17530977:GLI3:TssD741:Shore	0	0	1	0	0	1
N:METH:cg09038885:ADRA1B:TssU643:Shore	0	0	1	0	0	1
N:METH:cg27040423:RP11-46H11.12:TssD33:Island	0	0	1	0	0	1
N:METH:cg01606998:PANX2:TssU563:Island	0	0	1	0	0	1
N:METH:cg19110523:ADRB2:TssD1415:Island	0	0	1	0	0	1
N:METH:cg10845200:CALY:TssU45:Island	0	0	1	0	0	1
N:METH:cg24265806:FAM126A:TssD12:Island	0	0	1	0	0	1
N:METH:cg05970790:NFATC1:TssD463:Island	0	0	1	0	0	1
N:METH:cg22634689:TMEM121:TssU80:Island	0	0	1	0	1	2
N:METH:cg10043101:ATP1B2:TssU291:Island	0	1	1	0	0	2
N:METH:cg07879727:WNT3:TssD110:Island	0	0	1	0	0	1
N:GEXP::C20orf111:51526:	0	0	1	0	0	1
N:METH:cg19816938:ABR:TssD553:Island	0	0	1	0	0	1
N:METH:cg14990333:ZNF221:TssD7:Island	0	0	1	0	0	1
N:GEXP::SLC35C2:51006:	0	0	1	0	0	1
I:CNVR::ZNF24:7572:	0	0	1	0	0	1
I:CNVR::PSTPIP2:9050:	0	0	1	0	0	1
I:CNVR::ACAA2:10449:	0	0	1	0	0	1
N:GEXP::MOCS3:27304:	1	0	1	0	0	2
N:GEXP::ZNRF3:84133:	0	0	1	0	0	1
N:GEXP::ZFP28:140612:	0	0	1	0	0	1
I:CNVR::PAFAH1B1:5048:	0	0	1	0	0	1
N:GEXP::SLC38A4:55089:	0	0	1	0	0	1
N:GEXP::NOX1:27035:	0	1	0	0	0	1
N:GEXP::KCNRG:283518:	0	1	0	0	0	1
N:GEXP::ITLN1:55600:	0	0	0	1	0	1
N:GEXP::B3GNT3:10331:	0	0	0	1	0	1
N:GEXP::INTS10:55174:	0	1	0	0	0	1
N:GEXP::TECR:9524:	0	0	0	1	0	1
N:GEXP::DHCR7:1717:	0	0	0	1	0	1
N:GEXP::CDHR2:54825:	0	0	0	1	0	1
N:GEXP::CD46:4179:	0	0	0	1	0	1
N:GEXP::ENPP3:5169:	0	0	0	1	0	1
N:GEXP::MTCH1:23787:	0	0	0	1	0	1
N:GEXP::HOXB13:10481:	0	0	0	1	0	1
N:GEXP::H2AFJ:55766:	0	0	0	1	0	1
N:METH:cg22657536:EDC3:TssU317:Shore	0	0	1	0	0	1
N:METH:cg02007463:ITGA7:TssU45:Island	0	0	1	0	0	1
N:METH:cg06628693:RP11-486G15.2:TssD459:Island	0	0	1	0	0	1
N:METH:cg25323711:CLGN:TssD27:Shore	0	0	1	0	0	1
N:METH:cg03591594:VLDLR:TssU58:Island	0	0	1	0	0	1
N:METH:cg04324308:COL4A4:TssD89:Island	0	0	1	0	0	1
N:METH:cg07900766:AC079610.2:TssU42:Island	0	0	1	0	0	1
N:METH:cg23698058:PRKACB:TssD269:Island	0	0	1	0	0	1
N:METH:cg21053015:SYNGR1:TssD42:Island	0	0	1	0	0	1
N:METH:cg07872652:CNIH2:TssU2:Island	0	0	1	0	0	1
N:METH:cg09010998:ZEB1:TssD55:Island	0	0	1	0	0	1
N:METH:cg09163317:B4GALNT1:TssU58:Shore	0	0	1	0	0	1
N:METH:cg00459975:HMBOX1:TssD265:NA	0	0	1	0	0	1
N:GEXP::IER3IP1:51124:	0	0	1	0	0	1
I:CNVR::BCL2:596:	0	0	1	0	0	1
I:CNVR::SLC25A52:147407:	0	0	1	0	0	1
I:CNVR::CELF4:56853:	0	0	1	0	0	1
I:CNVR::PCAT18:728606:	0	0	1	0	0	1
I:CNVR::SMAD7:4092:	0	0	1	0	0	1
I:CNVR::CDH2:1000:	0	0	1	0	0	1
I:CNVR::KLHL14:57565:	0	0	1	0	0	1
N:METH:cg07494047:ZNF304:TssD18:Island	0	0	1	0	0	1
I:CNVR::MAPRE2:10982:	0	0	1	0	0	1
I:CNVR::RBBP8:5932:	0	0	1	0	0	1
N:METH:cg05098471:MEIS1:TssU103:Island	0	0	1	0	0	1
N:METH:cg06990379:DPYD:TssD345:Island	0	0	1	0	0	1
N:METH:cg23246978:GPC6:TssU54:Shore	0	0	1	0	0	1
I:CNVR::SERPINB10:5273:	0	0	1	0	0	1
I:CNVR::PTPRM:5797:	0	0	1	0	0	1
N:GEXP::USP18:11274:	0	0	1	0	0	1
I:CNVR::TOP1:7150:	0	0	1	0	0	1
N:GEXP::ZNF853:54753:	0	0	1	0	0	1
I:CNVR::ALOXE3:59344:	0	0	1	0	0	1
I:CNVR::GAS7:8522:	0	0	1	0	0	1
N:GEXP::ZNF304:57343:	0	0	1	0	0	1
I:CNVR::MAP2K4:6416:	0	0	1	0	0	1
N:METH:cg26829131:HOXC-AS1:TssD30:Island	0	0	1	0	1	2
I:CNVR::SERPINF1:5176:	0	0	1	0	0	1
N:GEXP::C11orf20:25858:	0	0	1	0	0	1
N:GEXP::CHMP4B:128866:	0	0	1	1	0	2
N:GEXP::GPR39:2863:	0	1	0	0	0	1
N:GEXP::PAX9:5083:	1	1	0	0	0	2
N:GEXP::FABP6:2172:	0	0	0	1	0	1
N:GEXP::ST6GAL1:6480:	0	0	0	0	1	1
N:GEXP::GCNT3:9245:	0	0	0	1	0	1
N:GEXP::RPS27A:6233:	0	0	0	0	1	1
N:GEXP::CADPS:8618:	0	0	0	1	0	1
N:GEXP::BAIAP2L1:55971:	0	0	0	1	0	1
N:GEXP::ABO:28:	0	0	0	1	0	1
N:GEXP::GPR143:4935:	0	0	0	1	0	1
N:GEXP::HNF4A:3172:	0	0	0	1	0	1
N:GEXP::CYP2W1:54905:	0	0	0	1	0	1
N:GEXP::GCOM1:145781:	0	0	0	1	0	1
N:GEXP::MPP7:143098:	0	0	0	1	0	1
N:GEXP::RBM39:9584:	0	0	0	1	0	1
N:GEXP::HOXA7:3204:	0	0	0	1	0	1
N:METH:cg24450312:RASSF5:TssD229:Island	0	0	1	0	0	1
I:CNVR::GDAP1L1:78997:	0	0	1	0	0	1
I:CNVR::MAFB:9935:	0	0	1	0	0	1
N:METH:cg25835225:ZNF350:TssU89:NA	0	0	1	0	0	1
N:METH:cg25885108:TP73:TssU416:Island	0	0	1	0	0	1
N:METH:cg12266024:FAM126A:TssU162:Island	0	0	1	0	0	1
N:METH:cg02959669:ZNF256:TssU314:Shore	0	0	1	0	0	1
N:METH:cg21195414:ELOVL5:TssU65:Island	0	0	1	0	0	1
I:CNVR::TOX2:84969:	0	0	1	0	0	1
I:CNVR::RP11-653G8.2:101927900:	0	0	1	0	0	1
N:METH:cg26885858:NBPF3:TssU254:Island	0	0	1	0	0	1
N:METH:cg25211525:PXDC1:TssD25:Island	0	0	1	0	0	1
I:CNVR::ZNF334:55713:	0	0	1	0	0	1
I:CNVR::SYT4:6860:	0	0	1	0	0	1
I:CNVR::FHOD3:80206:	0	0	1	0	0	1
I:CNVR::DSG2:1829:	0	0	1	0	0	1
I:CNVR::SMAD4:4089:	0	0	1	0	0	1
I:CNVR::KDSR:2531:	0	0	1	0	0	1
I:CNVR::MBD2:8932:	0	0	1	0	0	1
I:CNVR::MOCOS:55034:	0	0	1	0	0	1
I:CNVR::MBP:4155:	0	0	1	0	0	1
N:METH:cg17849956:ZNF304:TssU196:Island	0	0	1	0	0	1
I:CNVR::PHLPP1:23239:	0	0	1	0	0	1
I:CNVR::TXNL1:9352:	0	0	1	0	0	1
I:CNVR::LDLRAD4-AS1:100288122:	0	0	1	0	0	1
I:CNVR::CD226:10666:	0	0	1	0	0	1
I:CNVR::SERPINB7:8710:	1	0	1	0	0	2
N:GEXP::DYNLRB1:83658:	0	0	1	0	0	1
I:CNVR::CNDP1:84735:	0	0	1	0	0	1
I:CNVR::TUBB6:84617:	0	0	1	0	0	1
I:CNVR::LIPG:9388:	0	0	1	0	0	1
N:METH:cg14325649:RBMS1:TssU319:Shore	0	0	1	0	0	1
I:CNVR::LGALS9B:284194:	0	0	1	0	0	1
N:GEXP::PIGU:128869:	1	0	1	0	0	2
N:GEXP::TRAPPC2P1:10597:	0	0	1	0	0	1
N:GEXP::SEMA3C:10512:	0	0	1	0	0	1
I:CNVR::LOC339166:339166:	0	0	1	0	0	1
N:GEXP::C18orf22:79863:	0	0	1	0	0	1
N:GEXP::GPR63:81491:	0	1	0	0	0	1
N:GEXP::GNG4:2786:	1	0	0	0	0	1
N:GEXP::CYC1:1537:	0	0	0	1	0	1
N:GEXP::GOT2:2806:	0	0	0	1	0	1
N:GEXP::LYG1:129530:	0	1	0	0	0	1
N:GEXP::TUFM:7284:	0	0	0	1	0	1
N:GEXP::MYOM3:127294:	0	0	0	1	0	1
N:GEXP::SNRPB:6628:	0	0	0	1	0	1
N:GEXP::CYB5B:80777:	0	0	0	1	0	1
N:GEXP::YBX1:4904:	0	0	0	0	1	1
N:GEXP::C20orf24:55969:	0	0	1	0	0	1
N:GEXP::DMBX1:127343:	0	0	1	0	0	1
I:CNVR::PTPRT:11122:	0	0	1	0	0	1
I:CNVR::ZNF516:9658:	0	0	1	0	0	1
N:METH:cg14443380:SEMA7A:TssD120:Island	0	0	1	0	0	1
N:METH:cg04979725:UNKL:TssU145:Island	0	0	1	0	0	1
I:CNVR::RP11-1096D5.1:100996669:	0	0	1	0	0	1
N:GEXP::RPN2:6185:	0	0	1	0	0	1
I:CNVR::MC4R:4160:	0	0	1	0	0	1
I:CNVR::SIGLEC15:284266:	0	0	1	0	0	1
N:GEXP::DIDO1:11083:	0	0	1	0	0	1
I:CNVR::LOC339298:339298:	0	0	1	0	0	1
I:CNVR::SMAD2:4087:	0	0	1	0	0	1
I:CNVR::STARD6:147323:	0	0	1	0	0	1
I:CNVR::BOD1L2:284257:	0	0	1	0	0	1
I:CNVR::SCARNA17:677769:	0	0	1	0	0	1
I:CNVR::ZNF532:55205:	0	0	1	0	0	1
I:CNVR::LDLRAD4:753:	0	0	1	0	0	1
I:CNVR::MAPK4:5596:	0	0	1	0	0	1
I:CNVR::RAB31:11031:	0	0	1	0	0	1
I:CNVR::GAREM:64762:	0	0	1	0	0	1
I:CNVR::APCDD1:147495:	0	0	1	0	0	1
I:CNVR::WBP11P1:441818:	0	0	1	0	0	1
I:CNVR::NPC1:4864:	0	0	1	0	0	1
I:CNVR::DSG3:1830:	0	0	1	0	0	1
I:CNVR::TAF4B:6875:	0	0	1	0	0	1
I:CNVR::KC6:641516:	0	0	1	0	0	1
N:GEXP::TRPC4AP:26133:	0	0	1	0	0	1
I:CNVR::ZNF521:25925:	0	0	1	0	0	1
I:CNVR::RALBP1:10928:	0	0	1	0	0	1
N:METH:cg12975220:MEIS1:TssD52:Shore	0	0	1	0	0	1
I:CNVR::PRPSAP2:5636:	0	0	1	0	0	1
I:CNVR::MIR320C2:100302195:	0	0	1	0	0	1
I:CNVR::CTDP1:9150:	0	0	1	0	0	1
I:CNVR::BCL2L1:598:	0	0	1	0	0	1
N:METH:cg23257840:ZNF264:Tss0:Island	0	0	1	0	0	1
I:CNVR::MYO5B:4645:	0	0	1	0	0	1
I:CNVR::TMEM220-AS1:101101775:	0	0	1	0	0	1
I:CNVR::WSCD1:23302:	0	0	1	0	0	1
N:METH:cg20715764:ZNF264:TssU172:Island	0	0	1	0	0	1
I:CNVR::DEFB115:245929:	0	0	1	0	0	1
N:METH:cg11140785:ZNF264:TssD157:Island	0	0	1	0	0	1
N:GEXP::PDRG1:81572:	0	0	1	0	0	1
I:CNVR::FAM101B:359845:	0	0	1	0	0	1
N:GEXP::CRCP:27297:	0	0	1	0	0	1
N:GEXP::MAPRE3:22924:	0	1	0	0	0	1
I:CNVR::CSTF2T:23283:	0	0	0	0	1	1
I:CNVR::CDH13:1012:	0	0	0	0	1	1
N:MIR::hsa-miR-3131:Corrected:	0	0	0	0	1	1
N:MIR::hsa-miR-206:Corrected:	0	0	0	0	1	1
N:MIR::hsa-miR-450a-5p:Corrected:	0	0	0	0	1	1
N:GEXP::OCRL:4952:	0	1	0	0	0	1
N:GEXP::DEFA5:1670:	0	1	0	0	0	1
B:MUTA:HOTS:PIK3CA:pE545:	0	0	0	0	1	1
N:GEXP::LPCAT2:54947:	0	0	0	1	0	1
I:CNVR::TTC39C:125488:	0	0	1	0	0	1
N:METH:cg12398332:GPRC5B:TssD536:Island	0	0	1	0	0	1
I:CNVR::TXNDC2:84203:	0	0	1	0	0	1
I:CNVR::NOL4:8715:	0	0	1	0	0	1
I:CNVR::TGM2:7052:	0	0	1	0	0	1
I:CNVR::ELP2:55250:	0	0	1	0	0	1
I:CNVR::RIT2:6014:	0	0	1	0	0	1
I:CNVR::TMEM241:85019:	0	0	1	0	0	1
I:CNVR::C1QBP:708:	0	0	1	0	0	1
I:CNVR::CYB5A:1528:	0	0	1	0	0	1
I:CNVR::EPG5:57724:	0	0	1	0	0	1
I:CNVR::CXADRP3:440224:	0	0	1	0	0	1
I:CNVR::RNF112:7732:	0	0	1	0	0	1
I:CNVR::SNRPD1:6632:	0	0	1	0	0	1
I:CNVR::GTSCR1:220158:	0	0	1	0	0	1
N:GEXP::UPF3A:65110:	0	0	1	0	0	1
I:CNVR::CXCL16:58191:	0	0	1	0	0	1
I:CNVR::TFAP2C:7022:	0	0	1	0	0	1
I:CNVR::HAUS1:115106:	0	0	1	0	0	1
I:CNVR::RP11-712C7.1:101927433:	0	0	1	0	0	1
I:CNVR::PHF20:51230:	0	0	1	0	0	1
N:GEXP::C20orf4:25980:	0	0	1	0	0	1
I:CNVR::VAPA:9218:	0	0	1	0	0	1
I:CNVR::YES1:7525:	0	0	1	0	0	1
I:CNVR::RIOK3:8780:	0	0	1	0	0	1
I:CNVR::DEFB123:245936:	0	0	1	0	0	1
I:CNVR::DSEL:92126:	0	0	1	0	0	1
I:CNVR::CBLN4:140689:	0	0	1	0	0	1
I:CNVR::MEX3C:51320:	0	0	1	0	0	1
I:CNVR::C18orf8:29919:	0	0	1	0	0	1
I:CNVR::SS18:6760:	0	0	1	0	0	1
I:CNVR::CCDC144CP:348254:	0	0	1	0	0	1
N:GEXP::PHLDA1:22822:	0	0	1	0	0	1
I:CNVR::EPB41L3:23136:	0	0	1	0	0	1
I:CNVR::RBL1:5933:	0	0	1	0	0	1
I:CNVR::OSBPL1A:114876:	0	0	1	0	0	1
I:CNVR::RP11-408H20.2:101927698:	0	0	1	0	0	1
I:CNVR::BMP7:655:	0	0	1	0	0	1
I:CNVR::MC2R:4158:	0	0	1	0	0	1
I:CNVR::TRIM16L:147166:	0	0	1	0	0	1
N:METH:cg08504049:ZNF264:TssD11:Island	0	0	1	0	0	1
N:GEXP::PCIF1:63935:	0	0	1	0	0	1
I:CNVR::TMEM200C:645369:	0	0	1	0	0	1
I:CNVR::TGIF1:7050:	0	0	1	0	0	1
I:CNVR::SLC16A11:162515:	0	0	1	0	0	1
I:CNVR::CNTROB:116840:	0	0	1	0	0	1
N:GEXP::ZNF345:25850:	0	0	1	0	0	1
N:GEXP::NCKAP5:344148:	0	0	1	0	0	1
N:GEXP::LOC285830:285830:	0	0	1	0	0	1
N:GEXP::C6orf103:79747:	0	0	1	0	0	1
I:CNVR::CABLES1:91768:	0	0	1	0	0	1
I:CNVR::AIPL1:23746:	0	0	1	0	0	1
N:GEXP::SRGAP2:23380:	0	0	1	0	0	1
I:CNVR::DEFB116:245930:	0	0	1	0	0	1
I:CNVR::IMPA2:3613:	0	0	1	0	0	1
I:CNVR::NDUFV2:4729:	0	0	1	0	0	1
N:GEXP::UBE2V1:7335:	0	0	1	0	0	1
N:GEXP::RAB22A:57403:	0	0	1	0	0	1
I:CNVR::RAB12:201475:	0	0	1	0	0	1
I:CNVR::ANKRD29:147463:	0	0	1	0	0	1
N:GEXP::NXF3:56000:	0	0	1	0	0	1
N:GEXP::SMAD4:4089:	0	0	1	0	0	1
I:CNVR::SALL4:57167:	0	0	1	0	0	1
I:CNVR::GREB1L:80000:	0	0	1	0	0	1
I:CNVR::NFS1:9054:	0	0	1	0	0	1
N:GEXP::ZNF93:81931:	0	0	1	0	0	1
I:CNVR::MIEF2:125170:	0	0	1	0	0	1
I:CNVR::IMPACT:55364:	0	0	1	0	0	1
N:GEXP::ZNF24:7572:	0	0	1	0	0	1
I:CNVR::RP11-35G9.3:100505549:	0	0	1	0	0	1
N:METH:cg15534084:ZNF649:TssD221:NA	0	0	1	0	0	1
I:CNVR::RP11-146N18.1:284294:	0	0	1	0	0	1
N:GEXP::C7orf36:57002:	0	0	1	0	0	1
I:CNVR::DLGAP4:22839:	0	0	1	0	0	1
N:GEXP::RNF160:26046:	0	1	0	0	0	1
N:GEXP::RPL37:6167:	0	0	0	0	1	1
N:GEXP::RPL12:6136:	0	0	0	0	1	1
B:MUTA:LOF:SOX9::	0	0	0	0	1	1
N:MIR::hsa-miR-128-1-5p:Corrected:	0	0	0	0	1	1
N:MIR::hsa-miR-92a-1-5p:Corrected:	0	0	0	0	1	1
N:MIR::hsa-miR-339-3p:Corrected:	0	0	0	0	1	1
N:GEXP::R3HDML:140902:	1	0	0	0	0	1
N:MIR::hsa-miR-6718-5p:Corrected:	0	0	0	0	1	1
I:CNVR::SNORA37:677819:	0	0	0	0	1	1
I:CNVR::RAB9BP1:9366:	0	0	0	0	1	1
B:MUTA:COMP:KANSL1::	0	0	0	0	1	1
N:MIR::hsa-miR-491-5p:Corrected:	0	0	0	0	1	1
N:MIR::hsa-miR-33b-5p:Corrected:	0	0	0	0	1	1
N:GEXP::ACSL6:23305:	0	0	0	1	0	1
I:CNVR::GALNT13:114805:	0	0	0	0	1	1
B:MUTA:HOTS:PCBP1:pL102:	0	0	0	0	1	1
B:MUTA:HOTS:SMAD2:pS464:	0	0	0	0	1	1
B:MUTA:nons:WWC1::	0	0	0	0	1	1
B:MUTA:HOTS:KRAS:pA146:	0	0	0	0	1	1
I:CNVR::OC90:729330:	0	0	0	0	1	1
I:CNVR::RBFOX3:146713:	0	0	0	0	1	1
I:CNVR::CTB-118N6.3:101927233:	0	0	0	0	1	1
I:CNVR::LINC00659:100652730:	0	0	0	0	1	1
I:CNVR::ZNF716:441234:	0	0	0	0	1	1
I:CNVR::RP11-452N4.1:286094:	0	0	0	0	1	1
I:CNVR::SYN3:8224:	0	0	0	0	1	1
I:CNVR::GMDS:2762:	0	0	0	0	1	1
N:GEXP::CYP51A1:1595:	0	0	0	0	1	1
N:GEXP::LCN15:389812:	0	0	0	0	1	1
N:MIR::hsa-miR-323b-3p:Corrected:	0	0	0	0	1	1
