featureID	gnosis_1_KIRP	CF|All_Top 50_KIRP	AKLIMATE_KIRP_reduced_model_50_feature_set_KIRP	NO_MODEL_MATCH_nn_jg	fbedeBIC_KIRP	Total
N:GEXP::KRT7:3855:	1	1	1	0	0	3
N:GEXP::TPX2:22974:	0	1	0	0	0	1
N:METH:cg03588357:GPR68:TssD52:Island	1	1	1	0	1	4
N:GEXP::TXNRD1:7296:	0	0	1	0	0	1
N:GEXP::UGT1A6:54578:	0	0	1	0	0	1
N:GEXP::NQO1:1728:	0	0	1	0	0	1
N:GEXP::SQSTM1:8878:	0	1	1	0	0	2
N:GEXP::HSP90AB1:3326:	0	1	1	0	0	2
N:GEXP::BUB1:699:	0	1	1	0	0	2
N:GEXP::MET:4233:	0	0	1	0	0	1
N:GEXP::RNF43:54894:	0	0	1	0	0	1
N:GEXP::BCL2:596:	0	0	1	0	0	1
N:METH:cg02275294:SOAT1:TssU388:Shore	0	0	1	0	0	1
N:GEXP::SATB2:23314:	1	1	1	0	1	4
N:METH:cg00828602:WNT5A:TssD837:Island	1	1	1	0	0	3
N:GEXP::FHL1:2273:	0	1	1	0	0	2
N:GEXP::QPRT:23475:	0	1	0	0	0	1
N:GEXP::CDCA2:157313:	0	0	1	0	0	1
N:GEXP::RELN:5649:	0	1	1	0	0	2
B:MUTA:COMP:CD70::	0	0	0	0	1	1
N:GEXP::TNFSF13:8741:	0	0	1	0	0	1
N:GEXP::ME1:4199:	0	0	1	0	0	1
N:MIR::hsa-miR-224-5p:Corrected:	1	0	0	0	1	2
N:GEXP::DTL:51514:	0	1	0	0	0	1
N:GEXP::ABCA17P:650655:	0	1	0	0	0	1
N:GEXP::MACC1:346389:	1	0	0	0	0	1
N:GEXP::ACCN2:41:	0	1	0	0	0	1
N:GEXP::CPA3:1359:	1	0	0	0	0	1
N:METH:cg05705583:CAMLG:TssU760:Shore	0	1	1	0	1	3
N:GEXP::TSKU:25987:	0	1	1	0	0	2
N:GEXP::HSD17B14:51171:	1	1	1	0	0	3
N:GEXP::C1orf107:27042:	0	1	1	0	0	2
N:MIR::hsa-miR-126-3p:Corrected:	0	1	0	0	1	2
N:GEXP::GPC4:2239:	1	0	0	0	0	1
N:GEXP::DYNC2LI1:51626:	0	1	1	0	0	2
N:METH:cg07440414:TCF7:TssU23:Island	0	0	1	0	0	1
N:METH:cg09009259:MUM1:TssU189:Island	0	0	1	0	0	1
B:MUTA:COMP:SETD2::	0	0	0	0	1	1
N:MIR::hsa-miR-31-3p:Corrected:	0	0	0	0	1	1
N:GEXP::EXO1:9156:	0	1	0	0	0	1
N:METH:cg13264741:GRIN2B:TssU128:Shore	0	1	0	0	0	1
N:GEXP::MAL2:114569:	0	0	1	0	0	1
N:GEXP::UGT1A9:54600:	0	1	0	0	0	1
N:GEXP::NPM1:4869:	0	0	1	0	0	1
N:GEXP::BRCA1:672:	0	0	1	0	0	1
N:METH:cg20947775:SCD5:TssU229:Island	0	0	1	0	0	1
N:GEXP::GNAI1:2770:	0	0	1	0	0	1
N:GEXP::KCTD15:79047:	1	1	1	0	0	3
N:GEXP::CCDC65:85478:	0	1	1	0	0	2
N:GEXP::CLDN10:9071:	1	0	0	0	0	1
N:GEXP::PBK:55872:	0	1	0	0	0	1
N:GEXP::PLEKHH2:130271:	0	1	1	0	0	2
N:GEXP::HEATR1:55127:	1	1	0	0	0	2
N:GEXP::TES:26136:	0	1	1	0	0	2
N:GEXP::ZNF167:55888:	0	1	1	0	0	2
N:METH:cg19044630:PRUNE2:TssU528:Shore	0	1	0	0	0	1
N:GEXP::METT10D:79066:	0	0	1	0	0	1
N:GEXP::KITLG:4254:	0	1	1	0	0	2
N:GEXP::UCK2:7371:	1	0	0	0	0	1
N:GEXP::WNT5A:7474:	0	0	1	0	0	1
N:GEXP::CHP2:63928:	1	0	0	0	0	1
N:GEXP::SOSTDC1:25928:	0	0	1	0	0	1
N:GEXP::RNF186:54546:	1	0	0	0	0	1
N:GEXP::XK:7504:	0	1	1	0	0	2
N:GEXP::PROM1:8842:	0	0	0	0	1	1
N:GEXP::CHST2:9435:	0	1	0	0	0	1
N:GEXP::WSCD1:23302:	0	0	1	0	0	1
N:GEXP::WDR60:55112:	0	1	1	0	0	2
N:GEXP::GPR125:166647:	0	1	0	0	0	1
N:GEXP::CCL28:56477:	0	0	1	0	0	1
N:METH:cg23097681:ARHGAP24:TssU94:Shore	0	0	0	0	1	1
N:GEXP::ATOX1:475:	0	0	1	0	0	1
N:GEXP::EIF2S3:1968:	0	1	0	0	0	1
N:GEXP::AP1S3:130340:	0	1	1	0	0	2
N:GEXP::ZKSCAN5:23660:	1	0	0	0	0	1
N:GEXP::SIGLECP3:284367:	0	1	0	0	0	1
N:GEXP::CTSC:1075:	0	0	1	0	0	1
N:GEXP::WNT3:7473:	0	1	0	0	0	1
N:GEXP::CCT3:7203:	1	0	0	0	0	1
N:GEXP::ATF5:22809:	0	0	1	0	0	1
N:GEXP::TMEM107:84314:	1	0	0	0	1	2
N:METH:cg18840461:SOWAHA:TssU415:Island	0	0	0	0	1	1
N:GEXP::TLE4:7091:	0	0	1	0	0	1
N:METH:cg05894797:PSEN2:TssU25:Shore	0	0	1	0	0	1
N:GEXP::NONO:4841:	0	1	0	0	0	1
N:MIR::hsa-miR-452-3p:Corrected:	1	0	0	0	0	1
N:GEXP::SBK1:388228:	0	1	0	0	0	1
N:GEXP::CSPG5:10675:	0	0	0	0	1	1
N:GEXP::TNFAIP1:7126:	1	0	0	0	0	1
N:METH:cg21311175:HIRA:TssU520:Shore	0	0	0	0	1	1
N:GEXP::TPK1:27010:	0	1	0	0	0	1
N:GEXP::SDR42E1:93517:	0	1	0	0	0	1
N:GEXP::ISPD:729920:	0	1	0	0	0	1
N:GEXP::BMP6:654:	0	1	0	0	0	1
N:GEXP::C19orf12:83636:	1	0	0	0	0	1
N:GEXP::REXO2:25996:	0	1	0	0	1	2
N:MIR::hsa-miR-1295a:Corrected:	0	0	0	0	1	1
N:GEXP::LOC338758:338758:	1	0	0	0	0	1
N:GEXP::PAK3:5063:	0	1	0	0	0	1
N:GEXP::FLJ32063:150538:	0	1	0	0	0	1
N:GEXP::MEIS3P1:4213:	1	0	0	0	0	1
N:GEXP::C15orf51:196968:	0	1	0	0	0	1
N:GEXP::CCDC13:152206:	1	0	0	0	0	1
I:CNVR::MYO1C:4641:	0	0	0	0	1	1
N:GEXP::FDX1:2230:	1	0	0	0	0	1
I:CNVR::PCSK5:5125:	0	0	0	0	1	1
I:CNVR::LOC101927722:101927722:	0	0	0	0	1	1
I:CNVR::SNCB:6620:	0	0	0	0	1	1
I:CNVR::PTP4A1:7803:	0	0	0	0	1	1
I:CNVR::POLR1D:51082:	0	0	0	0	1	1
N:GEXP::FAM185A:222234:	0	0	0	0	1	1
