featureID	gnosis_1_LUSC	CF|All_Top 50_LUSC	AKLIMATE_LUSC_reduced_model_50_feature_set_LUSC	NO_MODEL_MATCH_nn_jg	fbedeBIC_LUSC	Total
N:GEXP::AKR1C3:8644:	0	0	1	0	0	1
B:MUTA:LOF:HIST1H3C::	0	0	0	0	1	1
N:GEXP::AKR1C1:1645:	0	0	1	0	0	1
N:GEXP::TNFSF13B:10673:	0	0	1	0	0	1
N:GEXP::CLCA2:9635:	1	1	1	0	1	4
N:GEXP::FOXA1:3169:	1	1	0	0	0	2
N:GEXP::AKR1C2:1646:	0	0	1	0	0	1
N:GEXP::TXNRD1:7296:	0	0	1	0	0	1
N:GEXP::CYP4F3:4051:	0	1	1	0	0	2
N:GEXP::CD74:972:	0	1	1	0	0	2
N:GEXP::NQO1:1728:	0	0	1	0	0	1
N:GEXP::ABCC5:10057:	1	0	1	0	0	2
N:GEXP::MAOA:4128:	0	1	0	0	0	1
N:GEXP::NTRK2:4915:	0	1	1	0	0	2
N:GEXP::C3AR1:719:	0	0	1	0	0	1
N:GEXP::FGFR2:2263:	0	1	1	0	0	2
N:GEXP::SOX2:6657:	1	1	1	0	0	3
N:GEXP::GPX2:2877:	0	0	1	0	0	1
N:GEXP::SELPLG:6404:	0	0	1	0	0	1
N:GEXP::SFN:2810:	0	1	0	0	0	1
N:GEXP::CTSS:1520:	0	1	0	0	0	1
N:GEXP::BCL2:596:	1	0	0	0	0	1
N:MIR::hsa-miR-205-5p:Corrected:	0	0	0	0	1	1
N:METH:cg02275294:SOAT1:TssU388:Shore	0	0	0	0	1	1
N:GEXP::ARHGDIB:397:	0	0	1	0	0	1
N:GEXP::HLA-DMB:3109:	0	1	1	0	0	2
N:GEXP::CYP4F11:57834:	0	0	1	0	0	1
N:MIR::hsa-miR-193b-3p:Corrected:	0	0	0	0	1	1
N:GEXP::SLC9A3R1:9368:	0	0	1	0	0	1
N:GEXP::KLF5:688:	0	0	1	0	0	1
N:GEXP::ME1:4199:	0	0	1	0	0	1
N:GEXP::LCP2:3937:	0	0	1	0	0	1
N:GEXP::C3orf58:205428:	1	1	1	0	1	4
N:GEXP::TMEM116:89894:	0	0	1	0	0	1
N:GEXP::SERINC2:347735:	0	1	0	0	0	1
N:GEXP::ARRB1:408:	0	0	1	0	0	1
N:GEXP::ADAM23:8745:	0	0	1	0	0	1
N:MIR::hsa-miR-142-3p:Corrected:	0	0	0	0	1	1
N:GEXP::TP63:8626:	1	0	0	0	0	1
N:MIR::hsa-miR-196b-5p:Corrected:	0	0	0	0	1	1
N:GEXP::PTPRZ1:5803:	0	0	1	0	0	1
N:GEXP::ADH7:131:	1	0	0	0	0	1
N:GEXP::SRGN:5552:	0	0	1	0	0	1
N:GEXP::PHLDB1:23187:	0	1	1	0	0	2
N:GEXP::HLA-DRA:3122:	0	1	0	0	0	1
N:GEXP::SAMSN1:64092:	0	1	0	0	0	1
N:GEXP::CD86:942:	0	1	0	0	0	1
N:METH:cg24237439:RANBP3L:TssU89:NA	0	0	0	0	1	1
N:MIR::hsa-miR-429:Corrected:	0	0	0	0	1	1
N:MIR::hsa-miR-944:Corrected:	0	0	0	0	1	1
N:GEXP::CCRL2:9034:	0	1	0	0	0	1
N:GEXP::TMEM51:55092:	0	0	1	0	0	1
N:GEXP::DPYD:1806:	0	0	1	0	0	1
N:GEXP::PMEPA1:56937:	1	1	0	0	1	3
N:GEXP::HLA-DPA1:3113:	0	1	0	0	0	1
N:METH:cg19237753:SIRPA:TssD272:Shore	0	0	0	0	1	1
N:GEXP::APCDD1L:164284:	0	1	0	0	0	1
N:GEXP::PHC2:1912:	1	1	1	0	1	4
N:GEXP::CSF2RB:1439:	0	0	1	0	0	1
N:GEXP::RAB6B:51560:	1	1	0	0	1	3
N:GEXP::IL21R:50615:	0	1	1	0	0	2
N:MIR::hsa-miR-31-3p:Corrected:	0	0	0	0	1	1
N:GEXP::RAC2:5880:	1	0	0	0	0	1
N:GEXP::SCN9A:6335:	0	1	1	0	0	2
N:MIR::hsa-miR-378a-3p:Corrected:	0	0	0	0	1	1
N:GEXP::PITX1:5307:	1	1	0	0	1	3
N:GEXP::TRIM16L:147166:	0	0	1	0	0	1
N:GEXP::SOX2OT:347689:	0	1	1	0	0	2
N:GEXP::PTPRC:5788:	1	0	0	0	1	2
N:GEXP::FOXE1:2304:	0	1	1	0	0	2
N:METH:cg16970828:UBA7:TssD13:NA	0	0	0	0	1	1
N:GEXP::ITGAL:3683:	0	0	1	0	0	1
N:GEXP::PTPN22:26191:	0	1	0	0	0	1
N:MIR::hsa-miR-193a-5p:Corrected:	0	0	0	0	1	1
N:GEXP::C12orf54:121273:	0	1	0	0	0	1
N:GEXP::TINAGL1:64129:	0	0	1	0	0	1
N:GEXP::C1orf38:9473:	0	0	1	0	0	1
N:GEXP::ACSL5:51703:	0	0	1	0	0	1
N:GEXP::FHL2:2274:	0	1	1	0	0	2
N:GEXP::GBP6:163351:	0	1	0	0	0	1
N:GEXP::LOC730101:730101:	0	1	0	0	0	1
N:GEXP::LAPTM5:7805:	0	1	0	0	0	1
N:GEXP::CXXC5:51523:	0	0	1	0	0	1
N:GEXP::S100A16:140576:	0	1	0	0	0	1
N:GEXP::SNX31:169166:	0	1	0	0	0	1
N:GEXP::BEND5:79656:	0	1	0	0	0	1
N:GEXP::CHST10:9486:	0	1	0	0	0	1
B:MUTA:COMP:NFE2L2::	0	0	0	0	1	1
N:GEXP::SGEF:26084:	1	0	0	0	0	1
N:GEXP::TALDO1:6888:	0	0	1	0	0	1
N:GEXP::TMEM176B:28959:	0	0	1	0	0	1
N:GEXP::OSGIN1:29948:	0	0	1	0	0	1
N:GEXP::FAM107B:83641:	1	0	1	0	0	2
N:GEXP::PHLDA2:7262:	1	1	0	0	0	2
N:METH:cg18110535:LPIN2:TssU467:Shore	0	0	0	0	1	1
N:MIR::hsa-miR-152-3p:Corrected:	0	0	0	0	1	1
N:GEXP::GJB3:2707:	0	1	0	0	0	1
N:GEXP::TXN:7295:	1	0	0	0	1	2
N:GEXP::HLA-DOA:3111:	0	1	0	0	0	1
N:GEXP::CRIP2:1397:	0	1	0	0	0	1
N:GEXP::C12orf53:196500:	0	1	0	0	0	1
N:GEXP::PYGL:5836:	0	1	0	0	0	1
N:GEXP::C18orf1:753:	1	0	0	0	0	1
N:GEXP::MGAT4A:11320:	0	0	1	0	0	1
N:GEXP::ADCY3:109:	0	0	0	0	1	1
N:GEXP::CYSLTR1:10800:	0	1	0	0	0	1
N:GEXP::CXCR3:2833:	0	1	0	0	0	1
N:METH:cg21692936:SLC3A2:TssD353:Shore	0	0	0	0	1	1
N:GEXP::TMEM170B:100113407:	0	1	0	0	0	1
N:GEXP::SULT1C4:27233:	1	1	0	0	0	2
N:GEXP::FRAS1:80144:	0	1	0	0	0	1
N:MIR::hsa-miR-376c-3p:Corrected:	0	0	0	0	1	1
N:GEXP::FMO4:2329:	0	1	0	0	0	1
N:GEXP::HAPLN4:404037:	1	0	0	0	0	1
N:GEXP::MAGED4:728239:	1	0	0	0	0	1
N:GEXP::BLCAP:10904:	1	0	0	0	0	1
N:GEXP::SEMA4D:10507:	1	0	0	0	0	1
I:CNVR::ASIC2:40:	0	0	0	0	1	1
I:CNVR::RD3L:647286:	0	0	0	0	1	1
N:GEXP::TDRD7:23424:	1	0	0	0	0	1
I:CNVR::LOC100132781:100132781:	0	0	0	0	1	1
I:CNVR::GPATCH3:63906:	0	0	0	0	1	1
I:CNVR::ATP11B:23200:	0	0	0	0	1	1
