featureID	gnosis_4_MESO	CF|All_Top 100_MESO	AKLIMATE_MESO_reduced_model_500_feature_set_MESO	nn_jg_2020-03-20_top1kfreq:MESO_MESO	fbedeBIC_MESO	Total
N:GEXP::KRT7:3855:	0	0	0	1	0	1
N:GEXP::SPARC:6678:	0	0	1	1	0	2
N:GEXP::CENPA:1058:	0	0	1	0	0	1
N:GEXP::IGF2:3481:	0	0	0	1	0	1
N:GEXP::MARCKSL1:65108:	0	0	1	0	0	1
N:GEXP::MT2A:4502:	0	0	0	1	0	1
N:GEXP::KRT8:3856:	0	0	0	1	0	1
N:GEXP::SLPI:6590:	0	0	0	1	0	1
N:GEXP::C3:718:	0	0	0	1	0	1
N:GEXP::MYBL2:4605:	0	0	1	0	0	1
N:GEXP::TIMP1:7076:	0	0	0	1	0	1
N:GEXP::CLU:1191:	0	0	0	1	0	1
N:GEXP::C4A:720:	0	0	1	1	0	2
N:GEXP::RARRES2:5919:	0	0	1	1	0	2
N:GEXP::MGP:4256:	0	0	0	1	0	1
N:GEXP::RERG:85004:	0	0	1	0	0	1
N:GEXP::PPARGC1A:10891:	0	0	1	0	0	1
N:GEXP::CLDN1:9076:	1	0	0	0	0	1
N:GEXP::KRT17:3872:	0	1	1	0	0	2
N:GEXP::EEF2:1938:	0	0	0	1	0	1
N:GEXP::GAPDH:2597:	0	0	0	1	0	1
N:GEXP::LGALS3BP:3959:	0	0	0	1	0	1
N:GEXP::DHCR24:1718:	0	0	0	1	0	1
N:GEXP::EFEMP1:2202:	0	0	0	1	0	1
N:GEXP::STK17A:9263:	0	1	0	0	0	1
N:GEXP::GNAS:2778:	0	0	0	1	0	1
N:GEXP::HSPB1:3315:	0	0	0	1	0	1
N:GEXP::B2M:567:	0	0	0	1	0	1
N:GEXP::TROAP:10024:	0	1	1	0	0	2
N:GEXP::TUBA1B:10376:	0	0	1	0	0	1
N:GEXP::C3AR1:719:	0	0	1	0	0	1
N:GEXP::LDLR:3949:	0	0	1	0	0	1
N:GEXP::PDZK1IP1:10158:	0	0	0	1	0	1
N:GEXP::ACTB:60:	0	0	0	1	0	1
N:GEXP::STARD10:10809:	0	0	1	0	0	1
N:GEXP::ARNTL2:56938:	0	0	1	0	0	1
N:GEXP::SELPLG:6404:	0	0	1	0	0	1
N:GEXP::COL6A1:1291:	0	0	0	1	0	1
N:GEXP::LCN2:3934:	0	0	1	0	0	1
N:GEXP::C7:730:	0	0	0	1	0	1
N:GEXP::HLA-B:3106:	0	0	0	1	0	1
N:GEXP::TPT1:7178:	0	0	0	1	0	1
N:GEXP::FOSL1:8061:	0	0	1	0	0	1
N:GEXP::LY6E:4061:	0	0	0	1	0	1
N:GEXP::FSTL1:11167:	0	0	1	0	0	1
N:GEXP::CTSS:1520:	0	1	0	0	0	1
N:GEXP::HLA-C:3107:	0	0	0	1	0	1
N:GEXP::HLA-A:3105:	0	0	0	1	0	1
N:GEXP::PSAP:5660:	0	0	0	1	0	1
N:GEXP::ALDOA:226:	0	0	0	1	0	1
N:GEXP::DLGAP5:9787:	0	1	0	0	0	1
N:GEXP::KLK10:5655:	0	0	1	1	0	2
N:GEXP::RBP1:5947:	0	0	0	1	0	1
N:GEXP::ARHGAP15:55843:	0	0	1	0	0	1
N:GEXP::FSCN1:6624:	0	0	1	0	0	1
N:GEXP::BST2:684:	0	0	0	1	0	1
N:GEXP::SMARCD3:6604:	0	0	1	0	0	1
N:GEXP::ARHGDIB:397:	0	0	1	0	0	1
N:GEXP::HLA-DMB:3109:	0	0	1	0	0	1
N:METH:cg15193782:ARMC3:TssD1:NA	1	1	1	0	1	4
N:GEXP::ACTG1:71:	0	0	0	1	0	1
N:GEXP::DCBLD2:131566:	0	1	1	0	0	2
N:GEXP::TFPI2:7980:	0	0	0	1	0	1
N:GEXP::TMSL3:7117:	0	0	0	1	0	1
N:GEXP::FADS2:9415:	0	0	1	0	0	1
N:GEXP::SATB2:23314:	0	1	0	0	0	1
N:GEXP::CENPF:1063:	0	0	1	0	0	1
N:GEXP::PARD6B:84612:	0	0	1	0	0	1
N:GEXP::TYMS:7298:	0	1	0	0	0	1
N:GEXP::FHL1:2273:	0	0	1	0	0	1
N:GEXP::GIMAP4:55303:	0	1	0	0	0	1
N:GEXP::GPC6:10082:	0	1	1	0	0	2
N:GEXP::FLI1:2313:	1	1	1	0	0	3
N:GEXP::C10orf116:10974:	0	0	1	0	0	1
N:GEXP::IL12RB1:3594:	0	1	1	0	0	2
N:GEXP::TFAP2C:7022:	0	0	1	0	0	1
N:GEXP::CCNA2:890:	0	1	0	0	0	1
N:GEXP::MARCKS:4082:	0	0	1	0	0	1
N:GEXP::SNCG:6623:	0	0	0	1	0	1
N:MIR::hsa-miR-181d-5p:Corrected:	0	0	0	0	1	1
N:GEXP::C19orf21:126353:	0	0	0	1	0	1
N:GEXP::SMARCA2:6595:	0	0	1	0	0	1
N:GEXP::FARP1:10160:	0	0	1	0	0	1
N:GEXP::SELENBP1:8991:	0	0	1	0	0	1
N:GEXP::MLLT11:10962:	0	0	1	0	0	1
N:GEXP::NAV1:89796:	0	0	1	0	0	1
N:GEXP::EZR:7430:	0	0	0	1	0	1
N:GEXP::AQP1:358:	0	1	1	0	0	2
N:GEXP::CPB1:1360:	0	0	0	1	0	1
N:GEXP::JARID2:3720:	0	0	1	0	0	1
N:GEXP::ADH1B:125:	0	0	0	1	0	1
N:GEXP::LCP1:3936:	0	0	1	0	0	1
N:GEXP::CARHSP1:23589:	0	0	1	0	0	1
N:GEXP::RECQL4:9401:	0	0	1	0	0	1
N:METH:cg18754389:RHOJ:TssU1:NA	0	0	1	0	0	1
N:GEXP::CALB2:794:	0	0	0	1	0	1
N:GEXP::CA9:768:	0	0	0	1	0	1
N:GEXP::MKI67:4288:	0	0	1	0	0	1
N:GEXP::AURKB:9212:	0	1	0	0	0	1
N:GEXP::LARP6:55323:	0	1	1	0	0	2
N:GEXP::SCARF2:91179:	0	0	1	0	0	1
N:GEXP::LPAR1:1902:	0	0	1	0	0	1
N:GEXP::CYP17A1:1586:	0	0	0	1	0	1
N:GEXP::KIF23:9493:	0	0	1	0	0	1
N:GEXP::RARRES3:5920:	0	0	1	0	0	1
N:GEXP::TNRC6C:57690:	0	0	1	0	0	1
N:GEXP::MYEF2:50804:	0	0	1	0	0	1
N:GEXP::ETV4:2118:	0	0	1	0	0	1
N:GEXP::PRDM16:63976:	0	0	1	0	0	1
N:GEXP::PLXND1:23129:	1	1	0	0	0	2
N:GEXP::SOX9:6662:	0	1	0	0	0	1
N:GEXP::SETMAR:6419:	0	0	1	0	0	1
N:METH:cg15755548:ARHGDIG:TssU33:Shore	0	0	1	0	0	1
N:GEXP::CCRL2:9034:	0	1	1	0	0	2
N:GEXP::ARHGAP10:79658:	0	0	1	0	0	1
N:GEXP::COL5A2:1290:	0	0	1	0	0	1
N:GEXP::TBX21:30009:	0	0	1	0	0	1
N:GEXP::SMARCC1:6599:	0	0	1	0	0	1
N:METH:cg26103512:CSNK1D:TssU204:Island	0	1	1	0	0	2
N:GEXP::MT1E:4493:	0	0	0	1	0	1
N:GEXP::ARHGAP11A:9824:	0	0	1	0	0	1
N:GEXP::RARA:5914:	0	0	1	0	0	1
N:GEXP::MYBL1:4603:	0	0	1	0	0	1
N:GEXP::STARD3:10948:	0	0	1	0	0	1
N:GEXP::ARHGAP22:58504:	0	0	1	0	0	1
N:METH:cg03139057:DLL3:TssU302:Shore	0	0	1	0	0	1
N:GEXP::ARHGEF6:9459:	0	0	1	0	0	1
N:GEXP::LILRB1:10859:	0	0	1	0	0	1
N:GEXP::FOXD1:2297:	0	0	1	0	0	1
N:GEXP::TRPV6:55503:	1	1	1	0	0	3
N:GEXP::FBXO2:26232:	0	0	0	1	0	1
N:GEXP::FGF7:2252:	0	0	1	0	0	1
N:GEXP::PPARG:5468:	0	0	1	0	0	1
N:GEXP::AXL:558:	0	0	1	0	0	1
N:GEXP::PLEK:5341:	0	1	0	0	0	1
N:GEXP::LOXL2:4017:	0	1	0	0	0	1
N:GEXP::IL27RA:9466:	0	1	1	0	0	2
N:GEXP::CD68:968:	0	0	1	0	0	1
N:GEXP::BDNFOS:497258:	0	0	1	0	0	1
N:METH:cg12359315:SLC6A20:TssD395:Shore	0	0	1	0	0	1
N:GEXP::TJP3:27134:	0	0	1	0	0	1
N:GEXP::C5AR1:728:	0	0	1	0	0	1
N:GEXP::PRR15L:79170:	0	0	1	0	0	1
N:GEXP::ATF7IP2:80063:	0	0	1	0	0	1
N:GEXP::HSD17B6:8630:	0	0	0	1	0	1
N:GEXP::ZNF238:10472:	0	0	1	0	0	1
N:GEXP::ARHGEF5:7984:	0	0	1	0	0	1
N:GEXP::ARHGAP18:93663:	0	0	1	0	0	1
N:GEXP::SMARCD1:6602:	0	0	1	0	0	1
N:GEXP::MARCH3:115123:	0	1	1	0	0	2
N:GEXP::TBC1D9:23158:	0	0	1	0	0	1
N:GEXP::KIF14:9928:	0	0	1	0	0	1
N:GEXP::DNMT1:1786:	1	0	0	0	1	2
N:GEXP::ATP1B3:483:	0	0	1	0	0	1
N:GEXP::EPAS1:2034:	0	0	1	0	0	1
N:GEXP::SEMA5A:9037:	0	0	1	0	0	1
N:GEXP::ARSI:340075:	0	0	1	0	0	1
N:GEXP::CFLAR:8837:	0	0	1	0	0	1
N:GEXP::FLNA:2316:	0	0	1	0	0	1
N:GEXP::ARHGEF19:128272:	0	0	1	0	0	1
N:GEXP::ARID3B:10620:	0	0	1	0	0	1
N:GEXP::VTN:7448:	0	0	0	1	0	1
N:GEXP::ARSG:22901:	0	0	1	0	0	1
N:GEXP::MARVELD2:153562:	0	0	1	0	0	1
N:GEXP::ARTN:9048:	0	0	1	0	0	1
N:GEXP::PSRC1:84722:	0	0	1	0	0	1
N:GEXP::WARS:7453:	0	0	1	0	0	1
N:GEXP::ARHGAP31:57514:	0	0	1	0	0	1
N:GEXP::FAR2:55711:	0	0	1	0	0	1
N:GEXP::THRA:7067:	0	0	1	0	0	1
N:GEXP::METT10D:79066:	0	0	1	0	0	1
N:GEXP::EPHB6:2051:	0	0	1	0	0	1
N:GEXP::LARGE:9215:	0	0	1	0	0	1
N:GEXP::MS4A6A:64231:	0	1	0	0	0	1
N:GEXP::ARHGEF33:100271715:	0	0	1	0	0	1
N:GEXP::ARHGAP26:23092:	0	0	1	0	0	1
N:GEXP::MARK3:4140:	0	0	1	0	0	1
N:GEXP::LRRC33:375387:	1	0	0	0	0	1
N:GEXP::MSC:9242:	0	0	1	0	0	1
N:GEXP::NT5C3:51251:	0	1	0	0	0	1
N:GEXP::NFE2:4778:	0	1	1	0	0	2
N:GEXP::ARHGEF1:9138:	0	0	1	0	0	1
N:GEXP::DARC:2532:	0	0	1	0	0	1
N:GEXP::C9orf140:89958:	0	0	1	0	0	1
N:GEXP::NUMA1:4926:	0	1	1	0	0	2
N:GEXP::LMX1B:4010:	0	1	1	0	0	2
N:GEXP::ARL4D:379:	0	0	1	0	0	1
N:GEXP::SCARA3:51435:	0	0	1	0	0	1
N:GEXP::DST:667:	0	0	1	0	0	1
N:GEXP::RCSD1:92241:	0	1	0	0	0	1
N:GEXP::TRIM22:10346:	0	0	1	0	0	1
N:GEXP::TGM1:7051:	0	0	1	0	0	1
N:GEXP::UHRF1:29128:	0	0	1	0	0	1
N:GEXP::ARHGEF3:50650:	0	0	1	0	0	1
N:GEXP::CLEC4A:50856:	0	0	1	0	0	1
N:GEXP::GAS2:2620:	1	1	1	0	0	3
N:GEXP::KIAA1737:85457:	1	1	0	0	1	3
N:GEXP::ALDH1A2:8854:	0	0	0	1	0	1
N:GEXP::ARHGAP11B:89839:	0	0	1	0	0	1
N:GEXP::ARID5A:10865:	0	0	1	0	0	1
N:GEXP::HMGA1:3159:	0	0	1	0	0	1
N:GEXP::SMARCC2:6601:	0	0	1	0	0	1
N:GEXP::ATP7B:540:	0	0	1	0	0	1
N:METH:cg11442717:RP1-266L20.4:TssU360:Island	0	0	1	0	0	1
N:METH:cg12738197:ZNF572:TssD342:NA	0	0	1	0	0	1
N:GEXP::CD109:135228:	0	0	1	0	0	1
N:GEXP::PARP14:54625:	0	0	1	0	0	1
N:GEXP::PARP16:54956:	0	0	1	0	0	1
N:GEXP::MUC16:94025:	0	0	1	0	0	1
N:GEXP::PDE9A:5152:	0	0	1	0	0	1
N:GEXP::STARD8:9754:	0	0	1	0	0	1
N:GEXP::PARD6A:50855:	0	0	1	0	0	1
N:GEXP::ARRDC2:27106:	0	0	1	0	0	1
N:GEXP::ARHGAP9:64333:	0	0	1	0	0	1
N:GEXP::PTPRU:10076:	0	0	1	0	0	1
N:GEXP::ARID3A:1820:	0	0	1	0	0	1
N:GEXP::BARX2:8538:	0	0	1	0	0	1
N:GEXP::PPARGC1B:133522:	0	0	1	0	0	1
N:GEXP::ARMC10:83787:	0	0	1	0	0	1
N:METH:cg16036142:ARRB1:TssD480:Island	0	0	1	0	0	1
N:GEXP::PRSS16:10279:	0	0	1	0	0	1
N:GEXP::TMEM98:26022:	0	0	1	0	0	1
N:GEXP::LRP2:4036:	0	0	1	0	0	1
N:GEXP::SMARCA4:6597:	0	0	1	0	0	1
N:GEXP::ARF3:377:	0	0	1	0	0	1
N:METH:cg21035368:ERCC1:TssD6196:Island	0	1	1	0	1	3
N:MIR::hsa-miR-301a-5p:Corrected:	0	1	0	0	1	2
N:GEXP::C2orf71:388939:	0	0	1	0	0	1
N:GEXP::ARL3:403:	0	0	1	0	0	1
N:GEXP::SAR1B:51128:	0	0	1	0	0	1
N:GEXP::RARRES1:5918:	0	0	1	0	0	1
N:GEXP::TMEM97:27346:	0	1	0	0	0	1
N:GEXP::MARS:4141:	0	0	1	0	0	1
N:GEXP::BARX1:56033:	0	0	1	0	0	1
N:GEXP::C4BPA:722:	0	0	0	1	0	1
N:GEXP::CLIC5:53405:	1	0	0	0	0	1
N:GEXP::KLK11:11012:	0	0	1	0	0	1
N:GEXP::CBARA1:10367:	0	0	1	0	0	1
N:GEXP::C7orf46:340277:	0	1	0	0	0	1
N:GEXP::ARHGAP24:83478:	0	0	1	0	0	1
N:GEXP::TNXB:7148:	0	0	0	1	0	1
N:GEXP::MARCH1:55016:	0	0	1	0	0	1
N:GEXP::KIAA1549:57670:	0	0	1	0	0	1
N:METH:cg16453560:ADAMTS8:TssD133:Shore	0	1	1	0	0	2
N:METH:cg08839858:ARMC3:TssU111:NA	0	0	1	0	0	1
N:GEXP::EARS2:124454:	0	1	1	0	0	2
N:GEXP::KIF7:374654:	0	1	1	0	0	2
N:GEXP::ARID4A:5926:	0	0	1	0	0	1
N:METH:cg03932406:SPRED2:TssD1431:Island	0	1	1	0	0	2
N:GEXP::PREX1:57580:	0	1	0	0	0	1
N:GEXP::ARHGEF2:9181:	0	0	1	0	0	1
N:GEXP::EDAR:10913:	0	0	1	0	0	1
N:GEXP::TTC30A:92104:	0	0	1	0	0	1
N:GEXP::C8orf77:286103:	0	1	1	0	0	2
N:GEXP::ARF6:382:	0	0	1	0	0	1
N:GEXP::CARM1:10498:	0	0	1	0	0	1
N:GEXP::TEAD2:8463:	0	0	1	0	0	1
N:GEXP::C12orf75:387882:	0	0	1	0	0	1
N:GEXP::SCARF1:8578:	0	0	1	0	0	1
N:GEXP::PARVG:64098:	0	0	1	0	0	1
N:GEXP::ARHGEF35:445328:	0	0	1	0	0	1
N:GEXP::SARDH:1757:	0	0	1	0	0	1
N:GEXP::ETV6:2120:	0	0	1	0	0	1
N:GEXP::ARHGAP8:23779:	0	0	1	0	0	1
N:GEXP::SLC26A6:65010:	1	0	1	0	0	2
N:GEXP::MARK2:2011:	0	0	1	0	0	1
N:GEXP::ARHGEF18:23370:	0	0	1	0	0	1
N:METH:cg01085803:NEDD9:TssU629:NA	0	0	1	0	0	1
N:METH:cg03053575:ZNF69:TssD64:Shore	0	1	1	0	0	2
N:GEXP::ANXA9:8416:	0	0	1	0	0	1
N:GEXP::E2F7:144455:	0	0	1	0	0	1
N:GEXP::CYBRD1:79901:	0	0	1	0	0	1
N:GEXP::BLM:641:	0	0	1	0	0	1
N:GEXP::ARAP1:116985:	0	0	1	0	0	1
N:GEXP::LRP12:29967:	0	0	1	0	0	1
N:GEXP::IL10RA:3587:	0	1	0	0	0	1
N:GEXP::RELL2:285613:	0	0	1	0	0	1
N:GEXP::ABLIM1:3983:	0	1	0	0	0	1
N:GEXP::TCF3:6929:	0	0	1	0	0	1
N:GEXP::ACPL2:92370:	1	0	0	0	0	1
N:GEXP::ARSB:411:	0	0	1	0	0	1
N:GEXP::PARVB:29780:	0	0	1	0	0	1
N:GEXP::TARP:445347:	0	0	1	0	0	1
N:GEXP::ADCY3:109:	0	1	1	0	0	2
N:GEXP::EVI2B:2124:	0	1	1	0	0	2
N:GEXP::GPR176:11245:	0	0	1	0	0	1
N:METH:cg07721458:SYT5:TssD643:Island	0	0	1	0	0	1
N:METH:cg05207415:MARK3:TssU512:Island	1	0	1	0	0	2
N:GEXP::RNF122:79845:	0	0	1	0	0	1
N:GEXP::SLC25A15:10166:	0	0	1	0	0	1
N:METH:cg04857420:TNFRSF11B:TssU190:Island	0	0	1	0	1	2
N:GEXP::ARHGEF16:27237:	0	0	1	0	0	1
N:GEXP::CARNS1:57571:	0	0	1	0	0	1
N:GEXP::PRR5-ARHGAP8:553158:	0	0	1	0	0	1
N:GEXP::PORCN:64840:	0	1	0	0	0	1
N:GEXP::ARL2:402:	0	0	1	0	0	1
N:GEXP::ARPC3:10094:	0	0	1	0	0	1
N:GEXP::PARP9:83666:	0	0	1	0	0	1
N:GEXP::MARCH4:57574:	0	1	1	0	0	2
N:GEXP::RCHY1:25898:	0	1	1	0	0	2
N:METH:cg07484808:NA:NA:NA	0	1	1	0	0	2
N:METH:cg13764991:DMRT2:TssD431:Island	0	1	1	0	0	2
N:GEXP::DSCAML1:57453:	0	0	1	0	0	1
N:GEXP::NDUFA5:4698:	1	1	0	0	0	2
N:GEXP::YARS:8565:	0	0	1	0	0	1
N:GEXP::FFAR2:2867:	0	0	1	0	0	1
N:GEXP::ARMCX5:64860:	0	0	1	0	0	1
N:GEXP::ARAP3:64411:	0	0	1	0	0	1
N:GEXP::PARP3:10039:	0	0	1	0	0	1
N:GEXP::IFI44:10561:	0	0	1	0	0	1
N:GEXP::MX1:4599:	0	0	1	0	0	1
N:GEXP::ARSE:415:	0	0	1	0	0	1
N:GEXP::ARL4C:10123:	0	0	1	0	0	1
N:GEXP::CTSB:1508:	0	0	1	0	0	1
N:GEXP::SLC4A4:8671:	0	0	1	0	0	1
N:GEXP::SH2B3:10019:	0	1	0	0	0	1
N:GEXP::CYBB:1536:	0	0	1	0	0	1
N:GEXP::NFE2L2:4780:	0	0	1	0	0	1
N:GEXP::NCKAP1L:3071:	0	0	1	0	0	1
N:GEXP::ARHGAP30:257106:	0	0	1	0	0	1
N:GEXP::STAT4:6775:	0	0	1	0	0	1
N:GEXP::ARRDC5:645432:	0	0	1	0	0	1
N:GEXP::USH1G:124590:	0	0	1	0	0	1
N:GEXP::BCAR3:8412:	0	0	1	0	0	1
N:GEXP::SMARCB1:6598:	0	0	1	0	0	1
N:METH:cg01791874:MARCH11:TssU170:Island	0	0	1	0	0	1
N:GEXP::MARVELD3:91862:	0	0	1	0	0	1
N:METH:cg26104752:TBX15:TssD3052:Shore	0	0	1	0	0	1
N:GEXP::IRAK2:3656:	0	1	0	0	0	1
N:METH:cg13594903:STOML2:TssD371:Island	0	0	1	0	0	1
N:GEXP::PARP8:79668:	0	0	1	0	0	1
N:GEXP::FAR1:84188:	0	0	1	0	0	1
N:GEXP::NARS2:79731:	0	0	1	0	0	1
N:GEXP::ARAP2:116984:	0	0	1	0	0	1
N:GEXP::ARHGAP27:201176:	0	0	1	0	0	1
N:GEXP::GARNL3:84253:	0	0	1	0	0	1
N:METH:cg02221347:DARS:TssD33:Island	0	0	1	0	0	1
N:METH:cg17385674:ARID1A:TssU821:Shore	0	0	1	0	0	1
N:METH:cg03093695:GSG1:TssD2527:Island	0	0	1	0	0	1
N:METH:cg21940042:ZNF69:TssU92:Shore	0	1	1	0	0	2
N:MIR::hsa-miR-1287-5p:Corrected:	0	0	0	0	1	1
N:GEXP::BIN2:51411:	0	1	0	0	1	2
N:GEXP::SLC7A4:6545:	0	0	0	1	0	1
N:GEXP::C16orf75:116028:	0	0	1	0	0	1
N:GEXP::ARHGEF15:22899:	0	0	1	0	0	1
N:GEXP::ZNF737:100129842:	0	0	1	0	0	1
N:GEXP::C12orf72:254013:	0	0	1	0	0	1
N:GEXP::ZNF750:79755:	0	0	1	0	0	1
N:GEXP::ARHGEF4:50649:	0	0	1	0	0	1
N:METH:cg23996306:DARS:TssD44:Island	0	0	1	0	0	1
N:GEXP::ARHGEF7:8874:	0	0	1	0	0	1
N:GEXP::XAF1:54739:	1	1	0	0	0	2
N:GEXP::RELT:84957:	0	0	1	0	0	1
N:GEXP::IFI27:3429:	0	0	1	0	0	1
N:GEXP::PIK3AP1:118788:	0	1	0	0	0	1
N:GEXP::IL27:246778:	0	0	1	0	0	1
N:GEXP::MYLK2:85366:	0	0	1	0	0	1
N:GEXP::NRG1:3084:	0	0	1	0	0	1
N:GEXP::GPBAR1:151306:	0	0	1	0	0	1
N:GEXP::SHISA2:387914:	0	0	1	0	0	1
N:GEXP::BCAR1:9564:	0	0	1	0	0	1
N:METH:cg00339556:MARCH11:TssU163:Island	0	0	1	0	0	1
N:GEXP::CHP:11261:	0	1	0	0	0	1
N:GEXP::HAR1A:768096:	0	0	1	0	0	1
N:GEXP::HAR1B:768097:	0	0	1	0	0	1
N:GEXP::SLC25A14:9016:	0	0	1	0	0	1
N:GEXP::ARC:23237:	0	0	1	0	0	1
N:METH:cg06560760:ARMC3:TssU107:NA	0	0	1	0	0	1
N:GEXP::LASP1:3927:	0	0	1	0	0	1
N:GEXP::SNX15:29907:	0	0	1	0	0	1
N:METH:cg01476003:RP11-510M2.1:TssU118:Shore	0	0	1	0	0	1
N:METH:cg11561737:NA:NA:Island	0	0	1	0	0	1
N:GEXP::SYK:6850:	0	0	1	0	0	1
N:GEXP::ARRDC4:91947:	0	0	1	0	0	1
N:GEXP::CARKD:55739:	0	0	1	0	0	1
N:METH:cg13539253:GARNL3:TssD221:Shore	0	0	1	0	0	1
N:METH:cg23047500:KIAA1598:TssU166:Shore	0	0	1	0	0	1
N:METH:cg03894174:NA:NA:Shore	0	1	1	0	0	2
N:METH:cg03608000:ZNF69:TssU11:Shore	0	1	1	0	0	2
N:METH:cg18863156:LHX4:TssD4983:Island	0	1	1	0	0	2
N:METH:cg07722220:AC007679.1:TssU890:NA	0	0	1	0	0	1
N:GEXP::CHRM1:1128:	0	0	1	0	0	1
N:GEXP::OAS2:4939:	0	0	1	0	0	1
N:GEXP::SYBU:55638:	0	1	0	0	0	1
N:GEXP::INPP5J:27124:	1	0	0	0	0	1
N:GEXP::PARK2:5071:	0	0	1	0	0	1
N:GEXP::C1RL:51279:	0	1	0	0	0	1
N:GEXP::ARHGAP32:9743:	0	0	1	0	0	1
N:GEXP::CRB1:23418:	0	0	1	0	0	1
N:GEXP::ZFP28:140612:	0	0	1	0	0	1
N:GEXP::ARL11:115761:	0	0	1	0	0	1
I:CNVR::NEGR1:257194:	0	0	0	0	1	1
N:GEXP::ITLN1:55600:	0	0	0	1	0	1
N:GEXP::ZNF711:7552:	0	0	1	0	0	1
N:GEXP::PHF19:26147:	0	0	1	0	0	1
N:GEXP::CARD8:22900:	0	0	1	0	0	1
N:METH:cg11115143:TTC30A:TssU261:Shore	0	0	1	0	0	1
N:GEXP::RASSF4:83937:	0	0	1	0	0	1
N:GEXP::SMARCD2:6603:	0	0	1	0	0	1
N:GEXP::SUCNR1:56670:	0	0	1	0	0	1
N:GEXP::C17orf76:388341:	0	0	1	0	0	1
N:GEXP::PARP15:165631:	0	0	1	0	0	1
N:GEXP::ARHGAP42:143872:	0	0	1	0	0	1
N:GEXP::WAS:7454:	0	0	1	0	0	1
N:GEXP::ARMCX1:51309:	0	0	1	0	0	1
N:GEXP::ARID5B:84159:	0	0	1	0	0	1
N:GEXP::STRADB:55437:	1	0	0	0	0	1
N:METH:cg13810562:HRASLS:TssD457:Island	0	0	1	0	0	1
N:GEXP::NT5DC1:221294:	0	1	0	0	0	1
N:GEXP::MARS2:92935:	0	0	1	0	0	1
N:GEXP::CARS2:79587:	0	0	1	0	0	1
N:GEXP::PEX19:5824:	0	0	1	0	0	1
N:METH:cg04527868:ARFGAP3:TssU146:Island	0	0	1	0	0	1
N:GEXP::MYH9:4627:	0	0	1	0	0	1
N:GEXP::HSF2BP:11077:	0	0	1	0	0	1
N:GEXP::DLG3:1741:	0	0	1	0	0	1
N:GEXP::CROT:54677:	0	0	1	0	0	1
N:GEXP::ARVCF:421:	0	0	1	0	0	1
N:GEXP::CYB5R2:51700:	0	1	0	0	0	1
N:METH:cg05303728:NRG1:TssU77:NA	0	0	1	0	0	1
N:GEXP::ARMCX6:54470:	0	0	1	0	0	1
N:GEXP::STARD4:134429:	0	0	1	0	0	1
N:METH:cg25124633:TARID:TssD106:Island	0	0	1	0	0	1
N:METH:cg06377221:ARRDC2:TssU203:Island	0	0	1	0	0	1
N:METH:cg03040522:ADAR:TssD737:Shore	0	0	1	0	0	1
N:GEXP::ARL2BP:23568:	0	0	1	0	0	1
N:GEXP::CDH2:1000:	0	1	0	0	0	1
N:GEXP::HYDIN:54768:	0	1	0	0	0	1
N:GEXP::FUNDC2:65991:	0	1	0	0	0	1
N:GEXP::NARF:26502:	0	0	1	0	0	1
N:GEXP::C9orf7:11094:	0	0	1	0	0	1
N:GEXP::LYAR:55646:	0	0	1	0	0	1
N:GEXP::EPS15L1:58513:	0	0	1	0	0	1
N:METH:cg04235146:ATP2A2:TssU251:Shore	0	0	1	0	0	1
N:GEXP::IRF7:3665:	0	0	1	0	0	1
N:GEXP::IFIT2:3433:	0	0	1	0	0	1
N:GEXP::RARS2:57038:	0	0	1	0	0	1
N:GEXP::COL7A1:1294:	0	1	0	0	0	1
N:GEXP::SH3YL1:26751:	0	1	0	0	0	1
N:GEXP::HCLS1:3059:	0	0	1	0	0	1
N:GEXP::BARD1:580:	0	0	1	0	0	1
N:GEXP::CARD9:64170:	0	0	1	0	0	1
N:GEXP::ARHGAP25:9938:	0	0	1	0	0	1
N:GEXP::HSF2:3298:	0	0	1	0	0	1
N:GEXP::ARMC2:84071:	0	0	1	0	0	1
N:GEXP::TLR4:7099:	0	1	1	0	0	2
N:GEXP::PRKAR1B:5575:	0	0	1	0	0	1
N:GEXP::TM4SF1:4071:	0	0	1	0	0	1
N:GEXP::ARFGAP1:55738:	0	0	1	0	0	1
N:GEXP::LARS:51520:	0	0	1	0	0	1
N:GEXP::ARMCX3:51566:	0	0	1	0	0	1
N:METH:cg05941624:SYNJ2:TssU396:Island	0	0	1	0	0	1
N:GEXP::ZNF785:146540:	0	0	1	0	0	1
N:GEXP::TXNL4B:54957:	0	0	1	0	0	1
N:GEXP::ARHGAP33:115703:	0	0	1	0	0	1
N:GEXP::ARL5A:26225:	0	0	1	0	0	1
N:GEXP::DULLARD:23399:	0	0	1	0	0	1
N:GEXP::ARGLU1:55082:	0	0	1	0	0	1
N:METH:cg25092681:MARCH11:TssU148:Island	0	0	1	0	0	1
N:GEXP::SPHAR:10638:	0	0	1	0	0	1
N:GEXP::CARS:833:	0	0	1	0	0	1
N:METH:cg19720265:MARK1:TssU643:Shore	0	0	1	0	0	1
N:METH:cg22401796:NA:NA:NA	0	0	1	0	0	1
N:METH:cg24873508:NA:NA:Shore	0	0	1	0	0	1
N:GEXP::ARV1:64801:	0	0	1	0	0	1
N:METH:cg19006604:NA:NA:NA	0	0	1	0	0	1
N:METH:cg15105703:DUOXA1:TssD198:Island	0	0	1	0	0	1
N:METH:cg00107603:GATAD2A:TssU582:Island	0	0	1	0	0	1
N:METH:cg10019132:RP11-373N24.2:TssU1254:Shore	0	0	1	0	0	1
N:METH:cg01566592:RIMS2:TssU119:Island	0	0	1	0	0	1
N:GEXP::DLX2:1746:	0	0	1	0	0	1
N:GEXP::CALML4:91860:	0	1	0	0	0	1
N:METH:cg20315346:CHP1:TssD13:Island	1	0	0	0	0	1
N:GEXP::FAM64A:54478:	0	1	0	0	0	1
I:CNVR::SMARCA2:6595:	0	0	1	0	0	1
N:GEXP::ARMC6:93436:	0	0	1	0	0	1
N:GEXP::PARP10:84875:	0	0	1	0	0	1
N:GEXP::AHRR:57491:	0	0	1	0	0	1
N:GEXP::STK4:6789:	0	0	1	0	0	1
N:GEXP::ARHGAP28:79822:	0	0	1	0	0	1
N:GEXP::CLIP3:25999:	0	1	0	0	0	1
N:METH:cg13640100:PHC2:TssU274:Island	0	0	1	0	0	1
N:GEXP::PLA2G1B:5319:	0	0	1	0	0	1
N:GEXP::CLDN16:10686:	0	1	0	0	0	1
N:GEXP::SAMD9L:219285:	0	0	1	0	0	1
N:GEXP::PYHIN1:149628:	1	0	0	0	0	1
N:GEXP::FHL3:2275:	0	0	1	0	0	1
N:GEXP::IGSF6:10261:	0	0	1	0	0	1
N:METH:cg25721039:ARHGAP22:TssU137:Island	0	0	1	0	0	1
N:GEXP::PRKAR2A:5576:	0	0	1	0	0	1
N:GEXP::VASP:7408:	1	0	0	0	0	1
N:GEXP::RTP4:64108:	0	0	1	0	0	1
N:GEXP::ADH6:130:	0	1	0	0	0	1
N:METH:cg19192223:PARD3-AS1:TssD514:Island	0	0	1	0	0	1
N:GEXP::DYSF:8291:	0	1	0	0	0	1
N:GEXP::SARS:6301:	0	0	1	0	0	1
N:GEXP::SART1:9092:	0	0	1	0	0	1
N:METH:cg23734815:PHF20:TssU157:Island	0	0	1	0	0	1
N:GEXP::ANKAR:150709:	0	0	1	0	0	1
N:METH:cg04360147:ARID1A:TssU816:Shore	0	0	1	0	0	1
N:METH:cg03699307:GABARAPL2:TssU236:Island	0	0	1	0	0	1
N:GEXP::LARP7:51574:	0	0	1	0	0	1
N:GEXP::GATA2:2624:	0	0	1	0	0	1
N:GEXP::PHLPP2:23035:	0	0	1	0	0	1
N:METH:cg14321542:NA:NA:Shore	0	0	1	0	0	1
N:METH:cg10711857:SCARB2:TssD435:Shore	0	0	1	0	0	1
N:GEXP::ARF4:378:	0	0	1	0	0	1
N:GEXP::ATXN7L3B:552889:	0	0	1	0	0	1
N:METH:cg18512156:NKX2-5:TssD240:Island	0	0	1	0	0	1
N:METH:cg06861889:NA:NA:NA	0	0	1	0	0	1
N:METH:cg04231340:NA:NA:Island	0	0	1	0	0	1
N:METH:cg22498251:TWIST1:TssU414:Island	0	1	1	0	0	2
N:GEXP::IFIT3:3437:	0	0	1	0	0	1
N:METH:cg03282439:HS3ST6:TssD661:Shore	0	0	1	0	0	1
N:GEXP::RIN3:79890:	0	0	1	0	0	1
N:GEXP::STK39:27347:	0	0	1	0	0	1
N:METH:cg17430167:HRC:TssD1347:Island	0	0	1	0	0	1
N:METH:cg09941381:RTKN2:TssD543:Shore	0	0	1	0	0	1
N:GEXP::NLRP14:338323:	0	0	1	0	0	1
N:METH:cg19912559:PPIE:TssU222:Island	0	0	1	0	0	1
N:METH:cg07454491:CCDC184:TssD708:Island	0	0	1	0	0	1
N:METH:cg13979305:CFAP99:TssD516:Shore	0	0	1	0	0	1
N:GEXP::SP100:6672:	0	0	1	0	0	1
N:METH:cg03031868:ESD:TssU155:Shore	0	0	1	0	0	1
N:METH:cg13593689:GARNL3:TssU25:Island	0	0	1	0	0	1
N:METH:cg26243894:IMPDH1:TssU143:Island	0	0	1	0	0	1
N:GEXP::EPB41L5:57669:	1	0	0	0	0	1
N:METH:cg21958603:NA:NA:Island	0	0	0	0	1	1
N:METH:cg15169189:PTPRM:TssD2110:Shore	1	0	0	0	0	1
N:GEXP::PEAR1:375033:	0	0	1	0	0	1
N:GEXP::DMKN:93099:	0	0	1	0	0	1
N:GEXP::ZNF707:286075:	0	0	1	0	0	1
N:GEXP::ARFGAP3:26286:	0	0	1	0	0	1
N:METH:cg26529516:ARFGAP3:TssU138:Island	0	0	1	0	0	1
N:METH:cg16359169:ZNF763:TssD132:Island	0	0	1	0	0	1
N:GEXP::EFNA3:1944:	0	0	1	0	0	1
N:GEXP::KCNE1L:23630:	0	0	1	0	0	1
N:METH:cg02913089:PDE8A:TssD286:Island	0	0	1	0	0	1
N:GEXP::C14orf79:122616:	0	0	1	0	0	1
N:GEXP::PARP6:56965:	0	0	1	0	0	1
N:METH:cg20196966:RP11-385F7.1:TssD249:Shore	0	0	1	0	0	1
N:GEXP::ADAT2:134637:	0	0	0	0	1	1
N:GEXP::P2RY6:5031:	0	0	1	0	0	1
N:METH:cg22521696:ZNF781:TssD7:Island	0	0	1	0	0	1
N:GEXP::IFIT1:3434:	0	0	1	0	0	1
N:GEXP::MS4A1:931:	0	0	1	0	0	1
N:GEXP::ARMC7:79637:	0	0	1	0	0	1
N:GEXP::ARPC4:10093:	0	0	1	0	0	1
N:METH:cg24138862:PARD3:TssU1147:Shore	0	0	1	0	0	1
N:METH:cg16295401:MARK3:TssU532:Shore	0	0	1	0	0	1
N:METH:cg20995061:ARNTL:TssD44:Shore	0	0	1	0	0	1
N:GEXP::FANCF:2188:	0	0	1	0	0	1
N:METH:cg02145679:ARL15:TssD588:Shore	0	0	1	0	0	1
N:GEXP::ARHGAP5:394:	0	0	1	0	0	1
N:GEXP::ARL10:285598:	0	0	1	0	0	1
N:GEXP::VAV1:7409:	0	0	1	0	0	1
N:METH:cg08229488:PDE4A:TssU251:Island	0	0	1	0	0	1
N:GEXP::ARHGDIG:398:	0	0	1	0	0	1
N:METH:cg16004055:SCARA5:TssU74:NA	0	0	1	0	0	1
N:METH:cg18515624:GAREM:TssD1080:Shore	0	0	1	0	0	1
N:METH:cg04403868:NDUFV3:TssU525:Shore	0	0	1	0	0	1
N:METH:cg24454243:EFCAB10:TssU37:Shore	0	0	1	0	0	1
N:GEXP::TPSG1:25823:	0	0	1	0	0	1
N:METH:cg27082486:CTD-2540M10.1:TssD340:NA	0	0	1	0	0	1
N:METH:cg15624634:EYA2:TssD659:Shore	0	0	1	0	0	1
N:GEXP::ORAI1:84876:	0	0	1	0	0	1
N:METH:cg14257369:FGF22:TssU314:Island	0	0	0	0	1	1
N:GEXP::KCNT2:343450:	0	1	0	0	0	1
N:GEXP::HSPA12A:259217:	0	1	0	0	0	1
N:MIR::hsa-miR-151b:Corrected:	0	0	0	0	1	1
N:GEXP::CHST4:10164:	0	1	0	0	0	1
N:GEXP::RSPO1:284654:	0	1	0	0	0	1
N:GEXP::GALNT4:8693:	0	1	0	0	0	1
N:GEXP::MT1L:4500:	0	1	0	0	0	1
N:GEXP::RICH2:9912:	0	1	0	0	0	1
N:GEXP::DTD1:92675:	0	1	0	0	0	1
N:GEXP::DHODH:1723:	0	1	0	0	0	1
N:GEXP::PNCK:139728:	0	1	0	0	0	1
N:GEXP::CTAGE9:643854:	0	1	0	0	0	1
I:CNVR::GATA6:2627:	0	0	0	0	1	1
N:METH:cg27095527:PPARG:TssD192:Island	0	0	1	0	0	1
N:GEXP::SCARNA9:619383:	0	0	1	0	0	1
N:GEXP::ARL6:84100:	0	0	1	0	0	1
N:METH:cg14045803:STARD10:TssU299:Island	0	0	1	0	0	1
N:GEXP::TAT:6898:	0	0	1	0	0	1
N:METH:cg01144693:LPAR3:TssU209:Island	0	0	1	0	0	1
N:METH:cg25875213:ZNF781:TssD80:Island	0	0	1	0	0	1
N:GEXP::PARN:5073:	0	0	1	0	0	1
N:GEXP::SLC4A3:6508:	0	0	1	0	0	1
N:GEXP::C1GALT1:56913:	0	0	1	0	0	1
N:METH:cg23838375:RAB37:TssU14:Island	0	0	1	0	0	1
N:GEXP::STEAP2:261729:	0	0	1	0	0	1
N:METH:cg07580038:KIF5C:TssD1811:Shore	0	0	1	0	0	1
N:GEXP::AP1AR:55435:	0	0	1	0	0	1
N:GEXP::C17orf77:146723:	0	0	1	0	0	1
N:METH:cg09678367:LDLRAP1:TssD750:Island	0	0	1	0	0	1
N:METH:cg01337515:TSPEAR:TssU241:Shelf	0	0	1	0	0	1
N:GEXP::SART3:9733:	0	0	1	0	0	1
N:METH:cg07793638:KLHL21:TssU1016:Island	0	0	1	0	0	1
N:METH:cg08685096:GRIK1:TssU291:Shore	0	0	1	0	0	1
N:METH:cg22204479:RP11-227D2.3:TssU230:Island	0	0	1	0	0	1
N:GEXP::ZNF774:342132:	0	0	1	0	0	1
N:GEXP::CBLN2:147381:	0	0	1	0	0	1
N:METH:cg12850036:MARCKS:TssU1213:Shelf	0	0	1	0	0	1
N:GEXP::OAS1:4938:	0	0	1	0	0	1
N:GEXP::CYP7A1:1581:	0	0	1	0	0	1
N:GEXP::TTC33:23548:	0	0	1	0	0	1
N:GEXP::VARS2:57176:	0	0	1	0	0	1
N:METH:cg06088188:RP13-516M14.1:TssU150:Shore	0	0	1	0	0	1
N:METH:cg19071627:ARPC1A:TssU431:Shore	0	0	1	0	0	1
N:GEXP::ZNF713:349075:	0	0	1	0	0	1
N:GEXP::TSNARE1:203062:	0	0	1	0	0	1
N:METH:cg27529628:GAS2L3:TssU243:Shore	0	0	1	0	0	1
I:CNVR::PARP3:10039:	0	0	1	0	0	1
N:METH:cg01999539:NA:NA:Island	0	0	1	0	0	1
N:METH:cg26364899:PPARG:TssD182:Island	0	0	1	0	0	1
N:METH:cg04423976:PARM1:TssD1345:Island	0	0	1	0	0	1
N:METH:cg11631644:TSPEAR:TssU427:Shelf	0	0	1	0	0	1
N:METH:cg23593167:MARC2:TssD178:Island	0	0	1	0	0	1
N:METH:cg18664899:ATXN7L3:TssU839:Shore	0	0	1	0	0	1
N:GEXP::CBX4:8535:	0	0	1	0	0	1
N:GEXP::FFAR3:2865:	0	0	1	0	0	1
N:METH:cg07966910:GDF7:TssU26:Island	0	0	1	0	0	1
I:CNVR::ARHGEF9:23229:	0	0	1	0	0	1
N:METH:cg08900106:NA:NA:Shore	0	0	1	0	0	1
N:METH:cg10409799:ADAR:TssU11:Island	0	0	1	0	0	1
N:GEXP::C12orf26:84190:	0	1	0	0	0	1
N:GEXP::HAUS8:93323:	0	1	0	0	0	1
N:GEXP::SIGLEC1:6614:	1	0	0	0	0	1
N:GEXP::LOC441294:441294:	1	0	0	0	0	1
N:GEXP::FLJ42875:440556:	1	0	0	0	0	1
N:GEXP::MSLN:10232:	0	1	0	0	0	1
N:GEXP::RPRM:56475:	0	1	0	0	0	1
N:GEXP::CNKSR3:154043:	0	1	0	0	0	1
N:GEXP::CTAGE4:100128553:	0	1	0	0	0	1
N:GEXP::MYO9B:4650:	0	1	0	0	0	1
N:METH:cg05235761:MOXD1:TssD570:Shore	0	0	0	0	1	1
I:CNVR::CSPG5:10675:	0	0	0	0	1	1
I:CNVR::MIR491:574444:	0	0	0	0	1	1
I:CNVR::LINC01107:151171:	0	0	0	0	1	1
I:CNVR::ASCC3:10973:	0	0	0	0	1	1
I:CNVR::TMEM135:65084:	0	0	0	0	1	1
I:CNVR::SYNPR:132204:	0	0	0	0	1	1
