featureID	gnosis_5_SARC	CF|All_Top 50_SARC	AKLIMATE_SARC_reduced_model_10_feature_set_SARC	NO_MODEL_MATCH_nn_jg	fbedeBIC_SARC	Total
B:MUTA:COMP:TP53::	0	0	0	0	1	1
N:GEXP::ATP1B1:481:	1	0	0	0	0	1
N:GEXP::MDM2:4193:	1	1	1	0	1	4
N:GEXP::MAPK10:5602:	1	0	0	0	0	1
N:GEXP::DAB2:1601:	1	1	0	0	0	2
N:GEXP::EPM2AIP1:9852:	1	0	0	0	0	1
N:GEXP::KCNH2:3757:	0	1	0	0	0	1
N:GEXP::ITGB1BP2:26548:	1	1	1	0	1	4
B:MUTA:COMP:MACF1::	0	0	0	0	1	1
N:GEXP::MYH11:4629:	0	1	1	0	0	2
N:GEXP::CDK4:1019:	0	1	0	0	0	1
N:GEXP::TSPAN31:6302:	0	1	1	0	0	2
N:GEXP::PAPSS2:9060:	0	1	0	0	0	1
N:GEXP::COL4A5:1287:	0	1	0	0	0	1
N:GEXP::SPATA18:132671:	0	1	0	0	0	1
N:GEXP::NFASC:23114:	0	0	1	0	0	1
N:GEXP::CTDSP2:10106:	0	1	0	0	0	1
N:GEXP::ACTG2:72:	0	1	0	0	0	1
N:GEXP::EGF:1950:	1	0	0	0	0	1
N:GEXP::LMOD1:25802:	0	1	0	0	0	1
N:GEXP::PGD:5226:	0	0	1	0	0	1
N:GEXP::SYNPO2:171024:	0	1	0	0	0	1
N:GEXP::FRS2:10818:	0	1	0	0	0	1
N:METH:cg24549639:MDM2:TssU476:Shore	0	0	1	0	1	2
N:GEXP::MARVELD2:153562:	1	0	0	0	0	1
N:METH:cg05258214:STK19:TssU25:Shore	0	0	0	0	1	1
N:GEXP::CNN1:1264:	0	1	0	0	0	1
N:GEXP::S100A10:6281:	0	1	0	0	0	1
N:GEXP::CSRP1:1465:	0	1	0	0	0	1
N:GEXP::KYNU:8942:	1	0	0	0	0	1
N:GEXP::SPEG:10290:	0	1	0	0	0	1
N:GEXP::YEATS4:8089:	0	1	0	0	0	1
I:CNVR::MDM2:4193:	0	0	1	0	1	2
N:GEXP::FKBP9:11328:	1	0	0	0	0	1
N:MIR::hsa-miR-26a-5p:Corrected:	0	1	0	0	1	2
N:MIR::hsa-miR-3913-5p:Corrected:	0	1	0	0	1	2
N:GEXP::MYLK:4638:	0	1	0	0	0	1
N:GEXP::CCT2:10576:	0	1	0	0	0	1
B:MUTA:COMP:PIK3CB::	0	0	0	0	1	1
N:GEXP::PPP1R12B:4660:	0	1	1	0	0	2
N:MIR::hsa-miR-143-3p:Corrected:	0	1	0	0	1	2
N:GEXP::ASAP3:55616:	1	1	0	0	0	2
N:GEXP::KCNMB1:3779:	0	1	0	0	0	1
N:GEXP::METTL1:4234:	0	1	0	0	0	1
N:GEXP::AKAP1:8165:	0	0	1	0	0	1
N:MIR::hsa-miR-145-3p:Corrected:	0	1	0	0	0	1
N:GEXP::SORBS1:10580:	0	1	0	0	0	1
N:GEXP::TBC1D1:23216:	1	0	0	0	0	1
N:GEXP::C9orf122:158228:	1	0	0	0	0	1
N:GEXP::CYP27B1:1594:	0	1	0	0	0	1
N:MIR::hsa-miR-145-5p:Corrected:	0	1	0	0	0	1
N:GEXP::RAMP1:10267:	0	1	0	0	0	1
N:GEXP::RBM24:221662:	0	1	0	0	0	1
N:GEXP::C10orf28:27291:	1	0	0	0	0	1
N:GEXP::LOC728264:728264:	0	1	0	0	0	1
N:GEXP::LHX2:9355:	0	0	0	0	1	1
N:GEXP::MARCH9:92979:	0	1	0	0	0	1
N:GEXP::C15orf52:388115:	0	1	0	0	0	1
N:GEXP::ANXA2P3:305:	0	1	0	0	0	1
I:CNVR::FAS:355:	0	0	0	0	1	1
N:GEXP::RBM20:282996:	1	1	0	0	0	2
N:GEXP::C6orf155:79940:	1	0	0	0	0	1
N:GEXP::SLC35E3:55508:	0	1	0	0	0	1
N:GEXP::ADPGK:83440:	0	1	0	0	0	1
N:METH:cg25533943:MAP3K14-AS1:TssD1:Island	0	0	0	0	1	1
N:MIR::hsa-miR-490-3p:Corrected:	0	0	0	0	1	1
N:GEXP::C6orf147:387097:	1	0	0	0	0	1
N:GEXP::FAM119B:25895:	0	1	0	0	0	1
N:GEXP::TSFM:10102:	0	1	0	0	0	1
N:GEXP::LOC401093:401093:	0	1	0	0	0	1
N:GEXP::CAP2:10486:	0	1	0	0	0	1
N:GEXP::FBXL22:283807:	0	1	0	0	0	1
N:GEXP::NPAS4:266743:	0	1	0	0	0	1
N:GEXP::RYR3:6263:	0	1	0	0	0	1
N:GEXP::MYOCD:93649:	0	1	0	0	0	1
N:GEXP::BCAN:63827:	1	0	0	0	0	1
I:CNVR::SCHIP1:29970:	0	0	0	0	1	1
N:METH:cg03577153:ZNF350:TssU63:NA	1	0	0	0	0	1
N:METH:cg21729847:RBM6:TssU207:Shore	0	0	0	0	1	1
N:METH:cg11345918:KRTAP5-AS1:TssD1285:Shore	0	0	0	0	1	1
N:GEXP::DNAH14:127602:	0	0	0	0	1	1
I:CNVR::ELMO1-AS1:100861514:	1	0	0	0	1	2
N:METH:cg16154073:CMTM7:TssU43:Island	0	0	0	0	1	1
I:CNVR::H6PD:9563:	0	0	0	0	1	1
N:GEXP::LEFTY1:10637:	1	0	0	0	0	1
N:GEXP::RPRD1A:55197:	1	0	0	0	0	1
I:CNVR::PSEN2:5664:	0	0	0	0	1	1
I:CNVR::ZCCHC5:203430:	0	0	0	0	1	1
I:CNVR::KERA:11081:	0	0	0	0	1	1
I:CNVR::PPDPF:79144:	0	0	0	0	1	1
N:METH:cg24526499:EFNA1:TssD17:Island	0	0	0	0	1	1
N:METH:cg05270922:NA:NA:NA	0	0	0	0	1	1
N:METH:cg16346212:SEMA3A:TssU37:NA	0	0	0	0	1	1
