featureID	gnosis_5_THYM	CF|All_Top 50_THYM	AKLIMATE_THYM_reduced_model_50_feature_set_THYM	NO_MODEL_MATCH_nn_jg	fbedeBIC_THYM	Total
N:GEXP::MARCKSL1:65108:	0	0	1	0	0	1
N:GEXP::MYBL2:4605:	0	0	1	0	0	1
N:GEXP::ARHGAP15:55843:	0	1	1	0	0	2
B:MUTA:COMP:SMAD3::	0	0	0	0	1	1
N:GEXP::LTBP3:4054:	0	0	1	0	0	1
N:GEXP::CD247:919:	0	1	1	0	0	2
N:GEXP::TRAF3IP3:80342:	0	0	1	0	0	1
N:GEXP::NEFL:4747:	0	0	1	0	0	1
N:GEXP::SLAMF1:6504:	0	1	1	0	0	2
N:METH:cg15059932:ZNF236:TssD669:Island	0	0	1	0	0	1
N:METH:cg11745019:ANGPT1:TssD483:NA	0	0	1	0	0	1
N:GEXP::CXCR4:7852:	0	0	1	0	0	1
N:GEXP::CD3E:916:	1	1	0	0	0	2
N:GEXP::CYP11A1:1583:	0	0	0	0	1	1
N:GEXP::TCF7:6932:	0	1	0	0	0	1
N:GEXP::CD1C:911:	0	1	1	0	0	2
B:MUTA:COMP:DKK2::	0	0	0	0	1	1
N:MIR::hsa-miR-498:Uncorrected:	1	1	0	0	1	3
N:GEXP::WDR67:93594:	0	1	0	0	0	1
N:GEXP::SCPEP1:59342:	0	0	1	0	0	1
N:GEXP::LTBP2:4053:	0	0	1	0	0	1
N:GEXP::TRAT1:50852:	0	1	1	0	0	2
N:GEXP::PCSK5:5125:	0	1	0	0	0	1
N:GEXP::RASGRP1:10125:	0	0	1	0	0	1
N:GEXP::LDHA:3939:	0	1	0	0	0	1
N:MIR::hsa-miR-625-3p:Corrected:	0	0	0	0	1	1
N:GEXP::LEF1:51176:	0	1	1	0	0	2
N:GEXP::LTBP4:8425:	0	0	1	0	0	1
N:GEXP::ARHGEF1:9138:	0	1	0	0	0	1
N:GEXP::BCAM:4059:	0	0	0	0	1	1
N:GEXP::CD52:1043:	0	0	1	0	0	1
N:GEXP::IKZF1:10320:	0	1	0	0	0	1
N:GEXP::ZYG11A:440590:	0	0	1	0	0	1
N:GEXP::C6orf105:84830:	0	0	1	0	0	1
N:GEXP::CHRM3:1131:	0	0	1	0	0	1
N:GEXP::TYRP1:7306:	0	0	1	0	0	1
N:GEXP::SH2D1A:4068:	0	1	1	0	0	2
N:GEXP::SIT1:27240:	0	1	1	0	0	2
N:GEXP::BCL6B:255877:	0	0	1	0	0	1
N:METH:cg06805572:HPCAL1:TssD605:Island	0	0	1	0	0	1
N:METH:cg16891895:RGS16:TssD89:Island	0	0	1	0	0	1
N:GEXP::PTGES:9536:	0	0	1	0	0	1
N:METH:cg01981027:NR4A1:TssD3185:Shelf	0	0	1	0	0	1
N:METH:cg14784398:PDE4D:TssD83074:NA	0	0	1	0	0	1
N:GEXP::SPN:6693:	0	1	1	0	0	2
N:GEXP::PRKCB:5579:	0	1	0	0	0	1
N:GEXP::CCDC109B:55013:	0	1	0	0	0	1
N:GEXP::TEAD2:8463:	0	0	1	0	0	1
N:GEXP::APBB1IP:54518:	0	1	0	0	0	1
N:METH:cg00594866:ACKR3:TssD292:Shore	0	1	0	0	1	2
N:GEXP::C18orf1:753:	0	0	1	0	0	1
N:GEXP::GRAP2:9402:	0	1	0	0	0	1
N:METH:cg08028435:PALLD:TssD104803:NA	0	0	1	0	0	1
B:MUTA:COMP:GTF2I::	0	0	0	0	1	1
N:GEXP::DNTT:1791:	0	1	0	0	0	1
N:METH:cg24244437:EDN1:TssU700:NA	0	0	1	0	0	1
N:MIR::hsa-miR-3922-3p:Corrected:	0	1	0	0	0	1
N:GEXP::VSIG10:54621:	0	0	1	0	0	1
N:GEXP::CD1A:909:	0	0	1	0	0	1
N:METH:cg21363465:OSBPL8:TssU146:Island	0	0	1	0	0	1
N:METH:cg06658146:IGFBP7-AS1:TssD53745:Shore	0	1	0	0	0	1
N:GEXP::ELOVL4:6785:	0	1	0	0	0	1
N:GEXP::TTC7A:57217:	0	1	0	0	0	1
B:MUTA:COMP:ZFP36L2::	0	0	0	0	1	1
N:GEXP::RPSAP52:204010:	0	0	1	0	0	1
N:GEXP::PTPN7:5778:	0	1	0	0	0	1
N:GEXP::DPPA4:55211:	0	0	1	0	0	1
N:METH:cg11817999:RAI1:TssD69721:Island	0	0	1	0	0	1
N:GEXP::HOXA9:3205:	0	0	1	0	0	1
N:METH:cg23335390:OSBPL8:TssU257:Shore	0	0	1	0	0	1
N:GEXP::ZAP70:7535:	0	1	0	0	0	1
N:GEXP::JAKMIP2:9832:	0	1	0	0	0	1
N:METH:cg13566279:NA:NA:NA	0	0	0	0	1	1
N:GEXP::RLTPR:146206:	0	1	0	0	1	2
N:METH:cg25739835:TECTA:TssD10114:NA	0	0	1	0	0	1
N:GEXP::CALN1:83698:	0	0	1	0	0	1
N:GEXP::MYH15:22989:	0	0	1	0	0	1
N:METH:cg25760412:TGM2:TssD28:Island	0	0	1	0	0	1
N:GEXP::FCN2:2220:	0	0	1	0	0	1
N:METH:cg24014487:TGM2:TssD31:Island	0	0	1	0	0	1
N:GEXP::TSHR:7253:	0	1	0	0	0	1
N:METH:cg24358246:MIR100HG:TssD93894:NA	0	1	0	0	0	1
N:GEXP::ZNF578:147660:	0	1	0	0	0	1
N:GEXP::CD3G:917:	0	1	0	0	0	1
N:GEXP::SASH3:54440:	0	1	0	0	0	1
N:MIR::hsa-miR-515-3p:Uncorrected:	0	1	0	0	0	1
N:METH:cg13239572:WIZ:TssU197:Shelf	0	0	0	0	1	1
I:CNVR::CDKN2B:1030:	0	0	0	0	1	1
N:GEXP::LOC257358:257358:	0	1	0	0	0	1
N:MIR::hsa-miR-519d-5p:Uncorrected:	0	1	0	0	0	1
N:MIR::hsa-miR-527:Uncorrected:	0	1	0	0	0	1
N:MIR::hsa-miR-520a-3p:Uncorrected:	0	1	0	0	0	1
N:MIR::hsa-miR-517b-3p:Uncorrected:	0	1	0	0	0	1
N:GEXP::CBFA2T3:863:	0	1	0	0	0	1
N:MIR::hsa-miR-526b-3p:Uncorrected:	0	1	0	0	0	1
N:MIR::hsa-miR-515-5p:Uncorrected:	0	1	0	0	0	1
N:MIR::hsa-miR-518d-3p:Uncorrected:	0	1	0	0	0	1
N:GEXP::ARL5C:390790:	0	1	0	0	0	1
N:METH:cg16672925:CH25H:TssU41:Shore	0	1	0	0	0	1
N:GEXP::RAP1GDS1:5910:	0	1	0	0	0	1
I:CNVR::RYR2:6262:	0	0	0	0	1	1
N:GEXP::ZNF788:388507:	0	1	0	0	0	1
N:METH:cg04099803:LPHN2:TssD151:NA	0	0	0	0	1	1
