featureID	gnosis_6_UVM	CF|All_Top 100_UVM	AKLIMATE_UVM_reduced_model_20_feature_set_UVM	nn_jg_2020-03-20_top1kfreq:UVM_UVM	fbedeBIC_UVM	Total
N:GEXP::CLU:1191:	0	0	0	1	0	1
N:GEXP::C4A:720:	0	0	0	1	0	1
N:GEXP::ACSF2:80221:	0	1	0	0	0	1
N:GEXP::VIM:7431:	0	0	0	1	0	1
N:GEXP::EEF2:1938:	0	0	0	1	0	1
N:GEXP::GAPDH:2597:	0	0	0	1	0	1
N:GEXP::LGALS3BP:3959:	0	0	0	1	0	1
N:GEXP::GNAS:2778:	0	0	0	1	0	1
N:GEXP::HSPB1:3315:	0	0	0	1	0	1
N:GEXP::SQSTM1:8878:	0	0	0	1	0	1
N:GEXP::HSP90AB1:3326:	0	0	0	1	0	1
N:GEXP::B2M:567:	0	0	0	1	0	1
N:GEXP::PKM2:5315:	0	0	0	1	0	1
N:GEXP::APOE:348:	0	0	0	1	0	1
N:GEXP::ACTB:60:	0	0	0	1	0	1
N:GEXP::FABP3:2170:	0	0	0	1	0	1
N:GEXP::HLA-B:3106:	0	0	0	1	0	1
N:GEXP::TPT1:7178:	0	0	0	1	0	1
N:GEXP::LY6E:4061:	0	0	0	1	0	1
N:GEXP::HLA-C:3107:	0	0	0	1	0	1
N:GEXP::HLA-A:3105:	0	0	0	1	0	1
N:GEXP::PSAP:5660:	0	0	0	1	0	1
N:GEXP::ALDOA:226:	0	0	0	1	0	1
N:GEXP::SLC30A2:7780:	0	0	0	1	0	1
N:GEXP::TFAP2A:7020:	0	1	1	0	0	2
N:GEXP::ACTG1:71:	0	0	0	1	0	1
N:GEXP::TFPI2:7980:	0	0	0	1	0	1
N:GEXP::LDHB:3945:	0	0	0	1	0	1
N:GEXP::AP2M1:1173:	0	1	0	0	0	1
N:GEXP::KIT:3815:	0	0	0	1	0	1
N:GEXP::DDIT4L:115265:	0	0	0	1	0	1
N:GEXP::MYH14:79784:	0	0	0	1	0	1
N:GEXP::CTSD:1509:	0	0	0	1	0	1
N:GEXP::TUBB4:10382:	0	0	0	1	0	1
N:GEXP::ATP5B:506:	0	0	0	1	0	1
N:GEXP::ANXA5:308:	0	0	0	1	0	1
N:GEXP::CD63:967:	0	0	0	1	0	1
N:GEXP::GNB2L1:10399:	0	0	0	1	0	1
N:GEXP::RPS4X:6191:	0	0	0	1	0	1
N:GEXP::ADAM23:8745:	0	0	0	1	0	1
N:GEXP::RPS11:6205:	0	0	0	1	0	1
N:GEXP::HRASLS:57110:	0	0	1	0	0	1
N:GEXP::PRKCD:5580:	0	1	1	0	0	2
N:GEXP::BSG:682:	0	0	0	1	0	1
N:GEXP::SGCD:6444:	0	0	0	1	0	1
N:GEXP::SLC25A6:293:	0	0	0	1	0	1
N:GEXP::RPL8:6132:	0	0	0	1	0	1
N:GEXP::MKRN2:23609:	1	1	0	0	1	3
N:GEXP::EEF1A2:1917:	0	0	0	1	0	1
N:GEXP::RAF1:5894:	0	1	1	0	0	2
N:GEXP::KRAS:3845:	0	0	1	0	0	1
N:GEXP::KRIT1:889:	0	1	1	0	0	2
N:GEXP::MAPK12:6300:	0	0	1	0	0	1
N:GEXP::HSPB7:27129:	0	0	0	1	0	1
N:MIR::hsa-miR-508-3p:Corrected:	0	0	0	0	1	1
N:GEXP::AMMECR1:9949:	0	0	1	0	0	1
N:GEXP::KLHL24:54800:	0	1	0	0	0	1
B:MUTA:COMP:CDK4::	0	0	0	0	1	1
N:MIR::hsa-miR-708-5p:Corrected:	0	0	0	0	1	1
N:GEXP::TCF7L2:6934:	0	1	0	0	0	1
N:GEXP::PHTF1:10745:	0	1	1	0	0	2
N:GEXP::MSC:9242:	0	0	0	1	0	1
N:GEXP::MAPK4:5596:	0	0	0	1	0	1
N:GEXP::LZTFL1:54585:	0	1	1	0	0	2
N:GEXP::ABCA8:10351:	0	0	0	1	0	1
N:GEXP::USP4:7375:	0	1	0	0	0	1
N:GEXP::CKMT2:1160:	0	0	0	1	0	1
N:GEXP::HNMT:3176:	0	1	0	0	0	1
N:GEXP::RAP1B:5908:	0	1	1	0	0	2
N:GEXP::ALDH1L1:10840:	0	0	0	1	0	1
N:GEXP::ST6GALNAC2:10610:	0	0	0	1	0	1
N:GEXP::BCAP29:55973:	0	1	0	0	0	1
N:GEXP::SRFBP1:153443:	0	0	1	0	0	1
N:GEXP::EIF4A2:1974:	0	1	0	0	0	1
N:GEXP::VAT1:10493:	0	0	0	1	0	1
N:GEXP::SLC6A17:388662:	0	0	0	1	0	1
N:GEXP::SLC25A38:54977:	0	1	0	0	0	1
N:GEXP::C5orf33:133686:	0	1	0	0	0	1
N:GEXP::C5orf24:134553:	0	1	0	0	0	1
N:GEXP::ARHGAP12:94134:	0	1	0	0	0	1
N:GEXP::PRKCI:5584:	0	1	0	0	0	1
N:GEXP::APPL1:26060:	0	1	0	0	0	1
N:GEXP::MAP3K2:10746:	0	0	1	0	0	1
N:GEXP::TMEM41A:90407:	0	1	0	0	0	1
N:GEXP::CNBP:7555:	0	1	0	0	0	1
N:GEXP::MBD4:8930:	0	1	0	0	0	1
N:GEXP::PLCD1:5333:	0	1	0	0	0	1
N:GEXP::HTRA3:94031:	0	1	0	0	0	1
N:GEXP::KLF15:28999:	0	1	0	0	0	1
N:GEXP::PHC3:80012:	0	1	0	0	0	1
N:GEXP::AHCTF1:25909:	0	0	1	0	0	1
N:GEXP::RNF123:63891:	0	1	0	0	0	1
N:MIR::hsa-miR-132-5p:Corrected:	0	0	0	0	1	1
N:GEXP::QTRTD1:79691:	0	1	0	0	0	1
B:MUTA:COMP:CCND3::	0	0	0	0	1	1
N:GEXP::SLC7A4:6545:	0	0	0	1	0	1
N:GEXP::AP4E1:23431:	1	0	0	0	0	1
N:GEXP::LNP1:348801:	0	1	0	0	0	1
N:GEXP::HHATL:57467:	0	0	0	1	0	1
N:GEXP::CREB1:1385:	0	0	1	0	0	1
I:CNVR::MITF:4286:	0	0	1	0	0	1
N:GEXP::TSC22D2:9819:	0	1	0	0	0	1
N:GEXP::PCNP:57092:	0	1	0	0	0	1
N:GEXP::ARL8B:55207:	0	1	0	0	0	1
N:GEXP::HDAC11:79885:	0	1	0	0	0	1
N:GEXP::EEFSEC:60678:	0	1	0	0	0	1
N:GEXP::MAPK7:5598:	0	0	1	0	0	1
I:CNVR::MOBP:4336:	0	0	1	0	0	1
N:GEXP::TFAM:7019:	0	0	1	0	0	1
I:CNVR::GAP43:2596:	0	0	1	0	0	1
N:GEXP::BAP1:8314:	0	1	0	0	0	1
N:GEXP::RAB7A:7879:	0	1	0	0	0	1
N:GEXP::SCAP:22937:	0	1	0	0	0	1
N:GEXP::CCDC71:64925:	0	1	0	0	0	1
N:GEXP::ROPN1B:152015:	0	1	0	0	0	1
N:GEXP::RENBP:5973:	0	1	0	0	0	1
N:GEXP::DDX52:11056:	0	1	0	0	0	1
N:GEXP::ZNF323:64288:	0	1	0	0	0	1
N:GEXP::EIF2B5:8893:	0	1	0	0	0	1
N:GEXP::HDLBP:3069:	0	1	0	0	0	1
N:GEXP::NAA50:80218:	0	1	0	0	0	1
N:GEXP::WDR53:348793:	0	1	0	0	0	1
N:GEXP::HTR2B:3357:	0	1	0	0	0	1
N:GEXP::PTPN23:25930:	0	1	0	0	0	1
N:METH:cg19297231:CCND3:TssD97:Shore	0	1	0	0	1	2
N:METH:cg11201571:RP11-477I4.4:TssU1089:Shore	0	1	0	0	0	1
N:METH:cg11390468:IFT57:TssD424:Shore	0	1	0	0	0	1
N:METH:cg26237168:XKR6:TssD186229:Shore	0	0	0	0	1	1
N:GEXP::SILV:6490:	0	0	0	1	0	1
N:GEXP::BIRC7:79444:	0	0	0	1	0	1
N:GEXP::GPR143:4935:	0	0	0	1	0	1
N:GEXP::FBXO38:81545:	0	1	0	0	0	1
N:GEXP::ATXN7:6314:	0	1	0	0	0	1
N:GEXP::SETD2:29072:	0	1	0	0	0	1
N:GEXP::SETD5:55209:	0	1	0	0	0	1
N:GEXP::ATP13A3:79572:	0	1	0	0	0	1
N:GEXP::IP6K1:9807:	0	1	0	0	0	1
N:GEXP::FBXO17:115290:	0	1	0	0	0	1
N:GEXP::SDCBP:6386:	0	0	0	1	0	1
N:GEXP::TTC37:9652:	0	1	0	0	0	1
N:GEXP::SF3B1:23451:	0	1	0	0	0	1
N:GEXP::C3orf63:23272:	0	1	0	0	0	1
N:GEXP::SMAD5:4090:	0	1	0	0	0	1
N:GEXP::OXSR1:9943:	0	1	0	0	0	1
N:GEXP::LSM3:27258:	0	1	0	0	0	1
N:GEXP::SLC41A3:54946:	0	1	0	0	0	1
N:METH:cg22157146:COL6A4P1:TssD223:Shore	0	1	0	0	0	1
N:GEXP::LOC100128640:100128640:	0	1	0	0	0	1
N:GEXP::RAB5A:5868:	0	1	0	0	0	1
N:GEXP::NUDT22:84304:	0	1	0	0	0	1
N:GEXP::DCP1A:55802:	0	1	0	0	0	1
N:GEXP::MORC2:22880:	0	1	0	0	0	1
N:GEXP::ACVR2B:93:	0	1	0	0	0	1
N:GEXP::SUZ12:23512:	0	1	0	0	0	1
N:GEXP::CUL2:8453:	0	1	0	0	0	1
N:GEXP::WDR82:80335:	0	1	0	0	0	1
N:GEXP::PPWD1:23398:	0	1	0	0	0	1
N:GEXP::UBL7:84993:	0	1	0	0	0	1
N:METH:cg06319713:H3F3A:TssU145:Shore	0	1	0	0	0	1
N:GEXP::COMMD2:51122:	0	1	0	0	0	1
N:GEXP::CMTM6:54918:	0	1	0	0	0	1
N:METH:cg20835807:DLG1:TssD159:Island	0	0	0	0	1	1
N:GEXP::PPP1R12A:4659:	0	1	0	0	0	1
N:GEXP::KRR1:11103:	0	1	0	0	0	1
N:METH:cg05628771:ATP1A3:TssU213:Shore	0	0	0	0	1	1
N:GEXP::CHAC1:79094:	0	1	0	0	0	1
N:GEXP::TOMM70A:9868:	0	1	0	0	0	1
N:GEXP::ZNF391:346157:	0	1	0	0	0	1
N:GEXP::OGG1:4968:	0	1	0	0	0	1
N:GEXP::CGGBP1:8545:	0	1	0	0	0	1
N:GEXP::APEH:327:	0	1	0	0	0	1
N:GEXP::DPH3:285381:	0	1	0	0	0	1
N:GEXP::TMEM115:11070:	0	1	0	0	0	1
N:GEXP::ZNF621:285268:	0	1	0	0	0	1
N:GEXP::LOC729375:729375:	0	1	0	0	0	1
N:GEXP::CDV3:55573:	0	1	0	0	0	1
N:GEXP::ZNF835:90485:	0	1	0	0	0	1
N:METH:cg05717685:WRB:TssD477:Shore	0	0	0	0	1	1
N:GEXP::SNX13:23161:	0	1	0	0	0	1
N:GEXP::DOCK4:9732:	0	1	0	0	0	1
N:GEXP::VEZT:55591:	0	1	0	0	0	1
I:CNVR::ERC2-IT1:711:	0	0	0	0	1	1
I:CNVR::MTRNR2L9:100463487:	0	0	0	0	1	1
N:GEXP::XRN1:54464:	0	0	0	0	1	1
N:METH:cg12914047:TRIM4:TssU145:Shore	0	0	0	0	1	1
